id,titel,beschreibung,zielgruppe,kuche,ernahrung,schwierigkeitsgrad,portionen,vorbereitungszeit_min,kochzeit_min,gesamtzeit_min,kalorien_kcal,protein_g,kohlenhydrate_g,fett_g,allergene,tags,bewertung,autor,zutaten_json,schritte_json,sprache,erstellt_am,seo_slug
1,Mexikanischer Salat to go (omnivor),"Schnelles Mexikanisch-Rezept, abgestimmt auf Berufstätige.",Berufstätige,Mexikanisch,omnivor,mittel,4,12,9,21,550,35,31,36,laktose,"familienfreundlich, mealprep, pikant, reis, unter_15_min, unter_30_min",4.2,Gastautor,"[""1 x Zucchini"", ""2 x Tomatenmark"", ""1 x Reis"", ""1 x Rapsöl"", ""2 x Currypaste"", ""1 x Zwiebel"", ""2 x Olivenöl"", ""2 x Petersilie"", ""3 x Gurke"", ""2 x Joghurt""]","[""Zutaten waschen, schälen und in gleichmäßige Stücke schneiden."", ""Öl in Pfanne oder Topf erhitzen, aromatische Zutaten zuerst anschwitzen."", ""Hauptzutaten zugeben und kräftig anrösten, regelmäßig umrühren."", ""Mit Brühe/Sojasauce/Tomatenmark ablöschen und köcheln lassen."", ""Mit Salz, Pfeffer, Kräutern abschmecken, Zitronensaft für Frische."", ""Optional im Ofen fertiggaren oder ziehen lassen bis gewünschte Konsistenz.""]",de,2025-11-11T10:02:00Z,1-mexikanischer-salat-to-go-(omnivor)
2,Meal‑Prep Amerikanisch (pescetarisch) für 3 Tage,"Schnelles Amerikanisch-Rezept, abgestimmt auf Studierende.",Studierende,Amerikanisch,pescetarisch,mittel,1,8,17,25,616,27,30,32,"laktose, sesam","pikant, saisonal, schnell, unter_30_min",4.5,Chefkoch Max,"[""3 x Reis"", ""1 x Brühe"", ""3 x Kokosmilch"", ""3 x Gurke"", ""1 x Kidneybohnen"", ""1 x Koriander"", ""2 x Haferflocken"", ""2 x Lachsfilet"", ""2 x Joghurt""]","[""Zutaten waschen, schälen und in gleichmäßige Stücke schneiden."", ""Öl in Pfanne oder Topf erhitzen, aromatische Zutaten zuerst anschwitzen."", ""Hauptzutaten zugeben und kräftig anrösten, regelmäßig umrühren."", ""Mit Brühe/Sojasauce/Tomatenmark ablöschen und köcheln lassen."", ""Mit Salz, Pfeffer, Kräutern abschmecken, Zitronensaft für Frische.""]",de,2025-11-11T10:02:00Z,2-meal‑prep-amerikanisch-(pescetarisch)-für-3-tage
3,Indische Bowl für One-Pot (vegetarisch),"Schnelles Indisch-Rezept, abgestimmt auf One-Pot.",One-Pot,Indisch,vegetarisch,mittel,4,12,6,18,434,20,55,22,"gluten, sesam","eintopf, faserreich, mild, proteinreich, saisonal, suppe, unter_30_min",4.0,Chefkoch Lina,"[""3 x Currypaste"", ""1 x Rapsöl"", ""2 x Kokosmilch"", ""2 x Tomate"", ""3 x Kartoffeln"", ""2 x Aubergine"", ""3 x Karotte"", ""2 x Olivenöl"", ""3 x Joghurt"", ""1 x Tofu""]","[""Zutaten waschen, schälen und in gleichmäßige Stücke schneiden."", ""Öl in Pfanne oder Topf erhitzen, aromatische Zutaten zuerst anschwitzen."", ""Hauptzutaten zugeben und kräftig anrösten, regelmäßig umrühren."", ""Mit Brühe/Sojasauce/Tomatenmark ablöschen und köcheln lassen."", ""Mit Salz, Pfeffer, Kräutern abschmecken, Zitronensaft für Frische.""]",de,2025-11-11T10:02:00Z,3-indische-bowl-für-one-pot-(vegetarisch)
4,Ofenrezept: Mexikanische Blechvariante (pescetarisch),"Schnelles Mexikanisch-Rezept, abgestimmt auf Berufstätige.",Berufstätige,Mexikanisch,pescetarisch,leicht,2,8,14,22,456,32,52,20,senf,"familienfreundlich, mealprep, proteinreich, reis, schnell, unter_30_min",4.1,Chefkoch Max,"[""1 x Zitrone"", ""1 x Zwiebel"", ""3 x Quinoa"", ""2 x Aubergine"", ""1 x Koriander"", ""3 x Paprika"", ""1 x Kidneybohnen"", ""1 x Sojasauce"", ""3 x Rapsöl"", ""2 x Tofu"", ""3 x Lachsfilet""]","[""Zutaten waschen, schälen und in gleichmäßige Stücke schneiden."", ""Öl in Pfanne oder Topf erhitzen, aromatische Zutaten zuerst anschwitzen."", ""Hauptzutaten zugeben und kräftig anrösten, regelmäßig umrühren."", ""Mit Brühe/Sojasauce/Tomatenmark ablöschen und köcheln lassen."", ""Mit Salz, Pfeffer, Kräutern abschmecken, Zitronensaft für Frische."", ""Optional im Ofen fertiggaren oder ziehen lassen bis gewünschte Konsistenz."", ""Anrichten, mit frischen Kräutern toppen und sofort servieren.""]",de,2025-11-11T10:02:00Z,4-ofenrezept:-mexikanische-blechvariante-(pescetarisch)
5,Orientalischer Salat to go (vegan),"Schnelles Orientalisch-Rezept, abgestimmt auf Familien.",Familien,Orientalisch,vegan,mittel,2,11,27,38,632,33,54,22,"gluten, laktose, sellerie","familienfreundlich, ofen, pikant, saisonal, unter_15_min",4.1,Chefkoch Lina,"[""1 x Zucchini"", ""3 x Zwiebel"", ""1 x Tomate"", ""3 x Quinoa"", ""3 x Knoblauchzehe"", ""3 x Karotte"", ""2 x Tomatenmark"", ""1 x Kichererbsen"", ""2 x Sojasauce"", ""2 x Tofu""]","[""Zutaten waschen, schälen und in gleichmäßige Stücke schneiden."", ""Öl in Pfanne oder Topf erhitzen, aromatische Zutaten zuerst anschwitzen."", ""Hauptzutaten zugeben und kräftig anrösten, regelmäßig umrühren."", ""Mit Brühe/Sojasauce/Tomatenmark ablöschen und köcheln lassen."", ""Mit Salz, Pfeffer, Kräutern abschmecken, Zitronensaft für Frische.""]",de,2025-11-11T10:02:00Z,5-orientalischer-salat-to-go-(vegan)
6,Italienische Pasta in 15 Minuten (omnivor),"Schnelles Italienisch-Rezept, abgestimmt auf Sportler.",Sportler,Italienisch,omnivor,leicht,3,16,18,34,773,29,51,29,,"familienfreundlich, high_protein, low_carb, mild, ofen, pikant, proteinreich",3.9,Chefkoch Max,"[""1 x Reis"", ""1 x Brühe"", ""1 x Aubergine"", ""1 x Currypaste"", ""2 x Koriander"", ""2 x Karotte"", ""2 x Zucchini"", ""1 x Rapsöl""]","[""Zutaten waschen, schälen und in gleichmäßige Stücke schneiden."", ""Öl in Pfanne oder Topf erhitzen, aromatische Zutaten zuerst anschwitzen."", ""Hauptzutaten zugeben und kräftig anrösten, regelmäßig umrühren."", ""Mit Brühe/Sojasauce/Tomatenmark ablöschen und köcheln lassen."", ""Mit Salz, Pfeffer, Kräutern abschmecken, Zitronensaft für Frische.""]",de,2025-11-11T10:02:00Z,6-italienische-pasta-in-15-minuten-(omnivor)
7,Asiatische Pasta in 15 Minuten (omnivor),"Schnelles Asiatisch-Rezept, abgestimmt auf Budget.",Budget,Asiatisch,omnivor,mittel,4,5,17,22,665,32,41,40,"gluten, sellerie, weichtiere","familienfreundlich, high_protein, schnell, unter_30_min",4.0,Chefkoch Max,"[""1 x Quinoa"", ""1 x Paprika"", ""1 x Koriander"", ""3 x Pasta"", ""1 x Aubergine"", ""3 x Kartoffeln"", ""1 x Currypaste""]","[""Zutaten waschen, schälen und in gleichmäßige Stücke schneiden."", ""Öl in Pfanne oder Topf erhitzen, aromatische Zutaten zuerst anschwitzen."", ""Hauptzutaten zugeben und kräftig anrösten, regelmäßig umrühren."", ""Mit Brühe/Sojasauce/Tomatenmark ablöschen und köcheln lassen."", ""Mit Salz, Pfeffer, Kräutern abschmecken, Zitronensaft für Frische.""]",de,2025-11-11T10:02:00Z,7-asiatische-pasta-in-15-minuten-(omnivor)
8,One‑Pot Mediterran Comfort Food (omnivor),"Schnelles Mediterran-Rezept, abgestimmt auf Budget.",Budget,Mediterran,omnivor,mittel,3,6,24,30,617,39,30,28,sesam,"eintopf, familienfreundlich, faserreich, mild, ofen, pikant, unter_30_min",4.1,Community,"[""1 x Tomate"", ""1 x Zwiebel"", ""2 x Brühe"", ""2 x Vollkornpasta"", ""1 x Pasta"", ""2 x Paprika"", ""3 x Karotte"", ""3 x Reis"", ""2 x Hähnchenbrust""]","[""Zutaten waschen, schälen und in gleichmäßige Stücke schneiden."", ""Öl in Pfanne oder Topf erhitzen, aromatische Zutaten zuerst anschwitzen."", ""Hauptzutaten zugeben und kräftig anrösten, regelmäßig umrühren."", ""Mit Brühe/Sojasauce/Tomatenmark ablöschen und köcheln lassen."", ""Mit Salz, Pfeffer, Kräutern abschmecken, Zitronensaft für Frische.""]",de,2025-11-11T10:02:00Z,8-one‑pot-mediterran-comfort-food-(omnivor)
9,Meal‑Prep Deutsch (pescetarisch) für 3 Tage,"Schnelles Deutsch-Rezept, abgestimmt auf Low-Carb.",Low-Carb,Deutsch,pescetarisch,mittel,2,14,26,40,368,26,31,19,,"familienfreundlich, low_carb, ofen, reis, schnell",4.5,Community,"[""1 x Basilikum"", ""3 x Kartoffeln"", ""2 x Paprika"", ""3 x Karotte"", ""3 x Quinoa"", ""2 x Spinat"", ""3 x Sojasauce"", ""1 x Lachsfilet"", ""1 x Knoblauchzehe"", ""1 x Zwiebel"", ""3 x Kichererbsen""]","[""Zutaten waschen, schälen und in gleichmäßige Stücke schneiden."", ""Öl in Pfanne oder Topf erhitzen, aromatische Zutaten zuerst anschwitzen."", ""Hauptzutaten zugeben und kräftig anrösten, regelmäßig umrühren."", ""Mit Brühe/Sojasauce/Tomatenmark ablöschen und köcheln lassen."", ""Mit Salz, Pfeffer, Kräutern abschmecken, Zitronensaft für Frische."", ""Optional im Ofen fertiggaren oder ziehen lassen bis gewünschte Konsistenz."", ""Anrichten, mit frischen Kräutern toppen und sofort servieren.""]",de,2025-11-11T10:02:00Z,9-meal‑prep-deutsch-(pescetarisch)-für-3-tage
10,Ofenrezept: Deutsche Blechvariante (glutenfrei),"Schnelles Deutsch-Rezept, abgestimmt auf Familien.",Familien,Deutsch,glutenfrei,mittel,3,9,18,27,368,21,43,11,,"eintopf, familienfreundlich, pfanne, pikant, proteinreich, unter_30_min",4.7,Gastautor,"[""2 x Tofu"", ""1 x Aubergine"", ""3 x Kichererbsen"", ""1 x Rapsöl"", ""2 x Petersilie"", ""1 x Gurke"", ""2 x Spinat"", ""1 x Zwiebel"", ""1 x Tomatenmark"", ""2 x Kokosmilch"", ""2 x Basilikum""]","[""Zutaten waschen, schälen und in gleichmäßige Stücke schneiden."", ""Öl in Pfanne oder Topf erhitzen, aromatische Zutaten zuerst anschwitzen."", ""Hauptzutaten zugeben und kräftig anrösten, regelmäßig umrühren."", ""Mit Brühe/Sojasauce/Tomatenmark ablöschen und köcheln lassen."", ""Mit Salz, Pfeffer, Kräutern abschmecken, Zitronensaft für Frische."", ""Optional im Ofen fertiggaren oder ziehen lassen bis gewünschte Konsistenz.""]",de,2025-11-11T10:02:00Z,10-ofenrezept:-deutsche-blechvariante-(glutenfrei)
11,Mediterrane Bowl für Senioren (vegetarisch),"Schnelles Mediterran-Rezept, abgestimmt auf Senioren.",Senioren,Mediterran,vegetarisch,mittel,2,11,17,28,433,14,56,18,"gluten, senf","mealprep, mild, proteinreich, unter_30_min",3.9,Chefkoch Max,"[""1 x Currypaste"", ""2 x Joghurt"", ""1 x Kokosmilch"", ""3 x Rapsöl"", ""2 x Kichererbsen"", ""1 x Spinat""]","[""Zutaten waschen, schälen und in gleichmäßige Stücke schneiden."", ""Öl in Pfanne oder Topf erhitzen, aromatische Zutaten zuerst anschwitzen."", ""Hauptzutaten zugeben und kräftig anrösten, regelmäßig umrühren."", ""Mit Brühe/Sojasauce/Tomatenmark ablöschen und köcheln lassen."", ""Mit Salz, Pfeffer, Kräutern abschmecken, Zitronensaft für Frische.""]",de,2025-11-11T10:02:00Z,11-mediterrane-bowl-für-senioren-(vegetarisch)
12,Ofenrezept: Mediterrane Blechvariante (glutenfrei),"Schnelles Mediterran-Rezept, abgestimmt auf One-Pot.",One-Pot,Mediterran,glutenfrei,leicht,3,18,7,25,662,22,56,29,"senf, soja","eintopf, mild, ofen, salat, schnell, unter_30_min",4.5,Community,"[""2 x Kidneybohnen"", ""2 x Rapsöl"", ""2 x Reis"", ""3 x Sojasauce"", ""1 x Zwiebel"", ""3 x Tofu"", ""2 x Currypaste"", ""3 x Hähnchenbrust"", ""1 x Spinat""]","[""Zutaten waschen, schälen und in gleichmäßige Stücke schneiden."", ""Öl in Pfanne oder Topf erhitzen, aromatische Zutaten zuerst anschwitzen."", ""Hauptzutaten zugeben und kräftig anrösten, regelmäßig umrühren."", ""Mit Brühe/Sojasauce/Tomatenmark ablöschen und köcheln lassen."", ""Mit Salz, Pfeffer, Kräutern abschmecken, Zitronensaft für Frische.""]",de,2025-11-11T10:02:00Z,12-ofenrezept:-mediterrane-blechvariante-(glutenfrei)
13,Schnelle Indisch-Pfanne (vegan),"Schnelles Indisch-Rezept, abgestimmt auf Berufstätige.",Berufstätige,Indisch,vegan,leicht,3,12,20,32,398,18,54,17,gluten,"familienfreundlich, low_carb, mealprep, pfanne, saisonal, salat, suppe",4.4,Team Küche,"[""3 x Tofu"", ""1 x Zwiebel"", ""1 x Olivenöl"", ""2 x Spinat"", ""1 x Gurke"", ""2 x Rapsöl""]","[""Zutaten waschen, schälen und in gleichmäßige Stücke schneiden."", ""Öl in Pfanne oder Topf erhitzen, aromatische Zutaten zuerst anschwitzen."", ""Hauptzutaten zugeben und kräftig anrösten, regelmäßig umrühren."", ""Mit Brühe/Sojasauce/Tomatenmark ablöschen und köcheln lassen."", ""Mit Salz, Pfeffer, Kräutern abschmecken, Zitronensaft für Frische.""]",de,2025-11-11T10:02:00Z,13-schnelle-indisch-pfanne-(vegan)
14,Proteinreicher Indisch-Mix (glutenfrei),"Schnelles Indisch-Rezept, abgestimmt auf One-Pot.",One-Pot,Indisch,glutenfrei,leicht,2,18,22,40,568,35,63,15,,"high_protein, mild, nudeln, pikant, reis",4.2,Gastautor,"[""3 x Reis"", ""1 x Haferflocken"", ""1 x Quinoa"", ""2 x Tomatenmark"", ""2 x Zitrone"", ""2 x Karotte"", ""3 x Tomate"", ""2 x Currypaste""]","[""Zutaten waschen, schälen und in gleichmäßige Stücke schneiden."", ""Öl in Pfanne oder Topf erhitzen, aromatische Zutaten zuerst anschwitzen."", ""Hauptzutaten zugeben und kräftig anrösten, regelmäßig umrühren."", ""Mit Brühe/Sojasauce/Tomatenmark ablöschen und köcheln lassen."", ""Mit Salz, Pfeffer, Kräutern abschmecken, Zitronensaft für Frische."", ""Optional im Ofen fertiggaren oder ziehen lassen bis gewünschte Konsistenz."", ""Anrichten, mit frischen Kräutern toppen und sofort servieren.""]",de,2025-11-11T10:02:00Z,14-proteinreicher-indisch-mix-(glutenfrei)
15,Mediterrane Pasta in 15 Minuten (omnivor),"Schnelles Mediterran-Rezept, abgestimmt auf Budget.",Budget,Mediterran,omnivor,leicht,1,17,29,46,636,36,26,39,"eier, gluten","familienfreundlich, faserreich, high_protein, low_carb, nudeln, pikant, proteinreich",4.4,Team Küche,"[""1 x Haferflocken"", ""3 x Rapsöl"", ""2 x Kichererbsen"", ""1 x Sojasauce"", ""2 x Zucchini"", ""1 x Tomate"", ""1 x Vollkornpasta"", ""2 x Reis"", ""2 x Zwiebel"", ""2 x Mais""]","[""Zutaten waschen, schälen und in gleichmäßige Stücke schneiden."", ""Öl in Pfanne oder Topf erhitzen, aromatische Zutaten zuerst anschwitzen."", ""Hauptzutaten zugeben und kräftig anrösten, regelmäßig umrühren."", ""Mit Brühe/Sojasauce/Tomatenmark ablöschen und köcheln lassen."", ""Mit Salz, Pfeffer, Kräutern abschmecken, Zitronensaft für Frische.""]",de,2025-11-11T10:02:00Z,15-mediterrane-pasta-in-15-minuten-(omnivor)
16,Ofenrezept: Indische Blechvariante (keto),"Schnelles Indisch-Rezept, abgestimmt auf Sportler.",Sportler,Indisch,keto,leicht,1,17,13,30,794,32,21,48,"gluten, sesam","high_protein, low_carb, pikant, unter_15_min, unter_30_min",4.0,Chefkoch Max,"[""3 x Tofu"", ""3 x Aubergine"", ""1 x Lachsfilet"", ""1 x Koriander"", ""2 x Haferflocken"", ""1 x Paprika"", ""3 x Hähnchenbrust"", ""1 x Zucchini"", ""2 x Joghurt"", ""3 x Basilikum"", ""3 x Olivenöl""]","[""Zutaten waschen, schälen und in gleichmäßige Stücke schneiden."", ""Öl in Pfanne oder Topf erhitzen, aromatische Zutaten zuerst anschwitzen."", ""Hauptzutaten zugeben und kräftig anrösten, regelmäßig umrühren."", ""Mit Brühe/Sojasauce/Tomatenmark ablöschen und köcheln lassen."", ""Mit Salz, Pfeffer, Kräutern abschmecken, Zitronensaft für Frische."", ""Optional im Ofen fertiggaren oder ziehen lassen bis gewünschte Konsistenz.""]",de,2025-11-11T10:02:00Z,16-ofenrezept:-indische-blechvariante-(keto)
17,Schnelle Mediterran-Pfanne (keto),"Schnelles Mediterran-Rezept, abgestimmt auf Budget.",Budget,Mediterran,keto,mittel,1,12,8,20,753,39,17,61,,"familienfreundlich, low_carb, mild, pfanne, saisonal, salat, unter_30_min",4.0,Chefkoch Max,"[""3 x Basilikum"", ""2 x Hähnchenbrust"", ""3 x Currypaste"", ""3 x Petersilie"", ""2 x Kidneybohnen"", ""2 x Sojasauce"", ""2 x Zucchini"", ""3 x Joghurt"", ""3 x Tomate"", ""2 x Olivenöl""]","[""Zutaten waschen, schälen und in gleichmäßige Stücke schneiden."", ""Öl in Pfanne oder Topf erhitzen, aromatische Zutaten zuerst anschwitzen."", ""Hauptzutaten zugeben und kräftig anrösten, regelmäßig umrühren."", ""Mit Brühe/Sojasauce/Tomatenmark ablöschen und köcheln lassen."", ""Mit Salz, Pfeffer, Kräutern abschmecken, Zitronensaft für Frische."", ""Optional im Ofen fertiggaren oder ziehen lassen bis gewünschte Konsistenz.""]",de,2025-11-11T10:02:00Z,17-schnelle-mediterran-pfanne-(keto)
18,Herzhafter Italienisch-Eintopf (vegetarisch),"Schnelles Italienisch-Rezept, abgestimmt auf Anfänger.",Anfänger,Italienisch,vegetarisch,mittel,2,19,12,31,723,31,64,28,"gluten, laktose, nüsse","familienfreundlich, faserreich, mild, ofen, pfanne, schnell",4.3,Team Küche,"[""1 x Zwiebel"", ""2 x Mais"", ""1 x Gurke"", ""2 x Kokosmilch"", ""3 x Spinat"", ""1 x Aubergine"", ""2 x Reis"", ""3 x Olivenöl"", ""3 x Petersilie"", ""2 x Joghurt""]","[""Zutaten waschen, schälen und in gleichmäßige Stücke schneiden."", ""Öl in Pfanne oder Topf erhitzen, aromatische Zutaten zuerst anschwitzen."", ""Hauptzutaten zugeben und kräftig anrösten, regelmäßig umrühren."", ""Mit Brühe/Sojasauce/Tomatenmark ablöschen und köcheln lassen."", ""Mit Salz, Pfeffer, Kräutern abschmecken, Zitronensaft für Frische.""]",de,2025-11-11T10:02:00Z,18-herzhafter-italienisch-eintopf-(vegetarisch)
19,Indische Pasta in 15 Minuten (glutenfrei),"Schnelles Indisch-Rezept, abgestimmt auf Meal-Prep.",Meal-Prep,Indisch,glutenfrei,leicht,3,15,16,31,486,21,64,18,"fisch, laktose, sesam","familienfreundlich, low_carb, mealprep",4.4,Community,"[""1 x Zitrone"", ""1 x Hähnchenbrust"", ""3 x Sojasauce"", ""2 x Basilikum"", ""3 x Tofu"", ""1 x Rinderhack"", ""3 x Kidneybohnen"", ""2 x Gurke"", ""1 x Reis""]","[""Zutaten waschen, schälen und in gleichmäßige Stücke schneiden."", ""Öl in Pfanne oder Topf erhitzen, aromatische Zutaten zuerst anschwitzen."", ""Hauptzutaten zugeben und kräftig anrösten, regelmäßig umrühren."", ""Mit Brühe/Sojasauce/Tomatenmark ablöschen und köcheln lassen."", ""Mit Salz, Pfeffer, Kräutern abschmecken, Zitronensaft für Frische.""]",de,2025-11-11T10:02:00Z,19-indische-pasta-in-15-minuten-(glutenfrei)
20,Proteinreicher Mexikanisch-Mix (glutenfrei),"Schnelles Mexikanisch-Rezept, abgestimmt auf Studierende.",Studierende,Mexikanisch,glutenfrei,mittel,1,12,19,31,395,13,56,15,laktose,"eintopf, nudeln, saisonal",4.5,Chefkoch Max,"[""1 x Tofu"", ""3 x Gurke"", ""2 x Rinderhack"", ""2 x Paprika"", ""2 x Reis"", ""2 x Olivenöl"", ""3 x Spinat""]","[""Zutaten waschen, schälen und in gleichmäßige Stücke schneiden."", ""Öl in Pfanne oder Topf erhitzen, aromatische Zutaten zuerst anschwitzen."", ""Hauptzutaten zugeben und kräftig anrösten, regelmäßig umrühren."", ""Mit Brühe/Sojasauce/Tomatenmark ablöschen und köcheln lassen."", ""Mit Salz, Pfeffer, Kräutern abschmecken, Zitronensaft für Frische.""]",de,2025-11-11T10:02:00Z,20-proteinreicher-mexikanisch-mix-(glutenfrei)
21,One‑Pot Deutsch Comfort Food (vegan),"Schnelles Deutsch-Rezept, abgestimmt auf Budget.",Budget,Deutsch,vegan,leicht,3,8,29,37,521,18,48,30,,"familienfreundlich, high_protein, low_carb, mealprep, saisonal",4.8,Chefkoch Max,"[""3 x Petersilie"", ""1 x Pasta"", ""2 x Karotte"", ""1 x Tofu"", ""3 x Brühe"", ""1 x Tomatenmark"", ""3 x Zucchini"", ""1 x Basilikum"", ""2 x Haferflocken""]","[""Zutaten waschen, schälen und in gleichmäßige Stücke schneiden."", ""Öl in Pfanne oder Topf erhitzen, aromatische Zutaten zuerst anschwitzen."", ""Hauptzutaten zugeben und kräftig anrösten, regelmäßig umrühren."", ""Mit Brühe/Sojasauce/Tomatenmark ablöschen und köcheln lassen."", ""Mit Salz, Pfeffer, Kräutern abschmecken, Zitronensaft für Frische."", ""Optional im Ofen fertiggaren oder ziehen lassen bis gewünschte Konsistenz."", ""Anrichten, mit frischen Kräutern toppen und sofort servieren.""]",de,2025-11-11T10:02:00Z,21-one‑pot-deutsch-comfort-food-(vegan)
22,Cremiges Deutsch-Curry (omnivor),"Schnelles Deutsch-Rezept, abgestimmt auf Familien.",Familien,Deutsch,omnivor,mittel,1,14,24,38,576,21,43,29,senf,"familienfreundlich, mealprep, pfanne, saisonal, salat, suppe, unter_30_min",4.3,Chefkoch Lina,"[""2 x Zucchini"", ""1 x Knoblauchzehe"", ""3 x Reis"", ""2 x Pasta"", ""3 x Koriander"", ""2 x Olivenöl"", ""1 x Tomatenmark""]","[""Zutaten waschen, schälen und in gleichmäßige Stücke schneiden."", ""Öl in Pfanne oder Topf erhitzen, aromatische Zutaten zuerst anschwitzen."", ""Hauptzutaten zugeben und kräftig anrösten, regelmäßig umrühren."", ""Mit Brühe/Sojasauce/Tomatenmark ablöschen und köcheln lassen."", ""Mit Salz, Pfeffer, Kräutern abschmecken, Zitronensaft für Frische."", ""Optional im Ofen fertiggaren oder ziehen lassen bis gewünschte Konsistenz."", ""Anrichten, mit frischen Kräutern toppen und sofort servieren.""]",de,2025-11-11T10:02:00Z,22-cremiges-deutsch-curry-(omnivor)
23,Ofenrezept: Orientalische Blechvariante (vegan),"Schnelles Orientalisch-Rezept, abgestimmt auf Meal-Prep.",Meal-Prep,Orientalisch,vegan,leicht,3,15,26,41,412,22,41,15,weichtiere,"faserreich, low_carb, mealprep, saisonal, suppe, unter_30_min",4.6,Gastautor,"[""2 x Zwiebel"", ""3 x Brühe"", ""1 x Sojasauce"", ""2 x Knoblauchzehe"", ""2 x Kartoffeln"", ""3 x Kidneybohnen"", ""2 x Vollkornpasta"", ""1 x Olivenöl"", ""1 x Aubergine"", ""3 x Quinoa"", ""3 x Tofu""]","[""Zutaten waschen, schälen und in gleichmäßige Stücke schneiden."", ""Öl in Pfanne oder Topf erhitzen, aromatische Zutaten zuerst anschwitzen."", ""Hauptzutaten zugeben und kräftig anrösten, regelmäßig umrühren."", ""Mit Brühe/Sojasauce/Tomatenmark ablöschen und köcheln lassen."", ""Mit Salz, Pfeffer, Kräutern abschmecken, Zitronensaft für Frische."", ""Optional im Ofen fertiggaren oder ziehen lassen bis gewünschte Konsistenz.""]",de,2025-11-11T10:02:00Z,23-ofenrezept:-orientalische-blechvariante-(vegan)
24,Herzhafter Asiatisch-Eintopf (pescetarisch),"Schnelles Asiatisch-Rezept, abgestimmt auf Sportler.",Sportler,Asiatisch,pescetarisch,anspruchsvoll,2,5,22,27,546,35,51,17,"gluten, laktose","high_protein, mild, nudeln, pikant, reis, salat, schnell, unter_30_min",4.2,Chefkoch Max,"[""2 x Tofu"", ""1 x Olivenöl"", ""2 x Mais"", ""3 x Brühe"", ""2 x Vollkornpasta"", ""3 x Kartoffeln"", ""3 x Kokosmilch"", ""3 x Tomate"", ""2 x Karotte"", ""1 x Lachsfilet""]","[""Zutaten waschen, schälen und in gleichmäßige Stücke schneiden."", ""Öl in Pfanne oder Topf erhitzen, aromatische Zutaten zuerst anschwitzen."", ""Hauptzutaten zugeben und kräftig anrösten, regelmäßig umrühren."", ""Mit Brühe/Sojasauce/Tomatenmark ablöschen und köcheln lassen."", ""Mit Salz, Pfeffer, Kräutern abschmecken, Zitronensaft für Frische."", ""Optional im Ofen fertiggaren oder ziehen lassen bis gewünschte Konsistenz.""]",de,2025-11-11T10:02:00Z,24-herzhafter-asiatisch-eintopf-(pescetarisch)
25,Ofenrezept: Amerikanische Blechvariante (glutenfrei),"Schnelles Amerikanisch-Rezept, abgestimmt auf Meal-Prep.",Meal-Prep,Amerikanisch,glutenfrei,mittel,3,15,22,37,580,26,69,22,"erdnüsse, sesam","high_protein, mealprep, ofen, pfanne, pikant, salat, unter_30_min",3.8,Gastautor,"[""2 x Tofu"", ""3 x Basilikum"", ""1 x Karotte"", ""1 x Tomate"", ""2 x Kartoffeln"", ""2 x Kichererbsen"", ""2 x Paprika"", ""3 x Zucchini"", ""3 x Sojasauce""]","[""Zutaten waschen, schälen und in gleichmäßige Stücke schneiden."", ""Öl in Pfanne oder Topf erhitzen, aromatische Zutaten zuerst anschwitzen."", ""Hauptzutaten zugeben und kräftig anrösten, regelmäßig umrühren."", ""Mit Brühe/Sojasauce/Tomatenmark ablöschen und köcheln lassen."", ""Mit Salz, Pfeffer, Kräutern abschmecken, Zitronensaft für Frische."", ""Optional im Ofen fertiggaren oder ziehen lassen bis gewünschte Konsistenz.""]",de,2025-11-11T10:02:00Z,25-ofenrezept:-amerikanische-blechvariante-(glutenfrei)
26,Ofenrezept: Italienische Blechvariante (pescetarisch),"Schnelles Italienisch-Rezept, abgestimmt auf Budget.",Budget,Italienisch,pescetarisch,leicht,2,17,15,32,686,19,56,32,"gluten, sesam","familienfreundlich, low_carb, proteinreich, salat",4.1,Chefkoch Lina,"[""3 x Karotte"", ""3 x Quinoa"", ""1 x Paprika"", ""1 x Tofu"", ""1 x Kidneybohnen"", ""1 x Brühe"", ""3 x Spinat"", ""2 x Lachsfilet""]","[""Zutaten waschen, schälen und in gleichmäßige Stücke schneiden."", ""Öl in Pfanne oder Topf erhitzen, aromatische Zutaten zuerst anschwitzen."", ""Hauptzutaten zugeben und kräftig anrösten, regelmäßig umrühren."", ""Mit Brühe/Sojasauce/Tomatenmark ablöschen und köcheln lassen."", ""Mit Salz, Pfeffer, Kräutern abschmecken, Zitronensaft für Frische."", ""Optional im Ofen fertiggaren oder ziehen lassen bis gewünschte Konsistenz."", ""Anrichten, mit frischen Kräutern toppen und sofort servieren.""]",de,2025-11-11T10:02:00Z,26-ofenrezept:-italienische-blechvariante-(pescetarisch)
27,Proteinreicher Mediterran-Mix (pescetarisch),"Schnelles Mediterran-Rezept, abgestimmt auf Low-Carb.",Low-Carb,Mediterran,pescetarisch,mittel,3,9,12,21,692,26,54,35,"gluten, laktose, soja","pfanne, saisonal, schnell, suppe, unter_30_min",4.2,Community,"[""3 x Brühe"", ""2 x Vollkornpasta"", ""1 x Mais"", ""3 x Basilikum"", ""2 x Currypaste"", ""2 x Aubergine"", ""1 x Paprika"", ""3 x Petersilie"", ""3 x Lachsfilet""]","[""Zutaten waschen, schälen und in gleichmäßige Stücke schneiden."", ""Öl in Pfanne oder Topf erhitzen, aromatische Zutaten zuerst anschwitzen."", ""Hauptzutaten zugeben und kräftig anrösten, regelmäßig umrühren."", ""Mit Brühe/Sojasauce/Tomatenmark ablöschen und köcheln lassen."", ""Mit Salz, Pfeffer, Kräutern abschmecken, Zitronensaft für Frische.""]",de,2025-11-11T10:02:00Z,27-proteinreicher-mediterran-mix-(pescetarisch)
28,Herzhafter Amerikanisch-Eintopf (glutenfrei),"Schnelles Amerikanisch-Rezept, abgestimmt auf Studierende.",Studierende,Amerikanisch,glutenfrei,leicht,2,12,20,32,477,32,57,17,"nüsse, weichtiere","schnell, suppe, unter_30_min",4.4,Community,"[""1 x Gurke"", ""2 x Quinoa"", ""2 x Kokosmilch"", ""2 x Spinat"", ""3 x Zitrone"", ""2 x Hähnchenbrust"", ""1 x Tomate""]","[""Zutaten waschen, schälen und in gleichmäßige Stücke schneiden."", ""Öl in Pfanne oder Topf erhitzen, aromatische Zutaten zuerst anschwitzen."", ""Hauptzutaten zugeben und kräftig anrösten, regelmäßig umrühren."", ""Mit Brühe/Sojasauce/Tomatenmark ablöschen und köcheln lassen."", ""Mit Salz, Pfeffer, Kräutern abschmecken, Zitronensaft für Frische."", ""Optional im Ofen fertiggaren oder ziehen lassen bis gewünschte Konsistenz.""]",de,2025-11-11T10:02:00Z,28-herzhafter-amerikanisch-eintopf-(glutenfrei)
29,Asiatischer Salat to go (omnivor),"Schnelles Asiatisch-Rezept, abgestimmt auf Meal-Prep.",Meal-Prep,Asiatisch,omnivor,leicht,1,17,30,47,595,20,60,26,"fisch, gluten","eintopf, high_protein, mealprep, ofen, pfanne, proteinreich",3.8,Team Küche,"[""2 x Quinoa"", ""2 x Zucchini"", ""1 x Tomate"", ""1 x Zitrone"", ""1 x Sojasauce"", ""3 x Koriander"", ""1 x Joghurt"", ""2 x Tofu"", ""2 x Petersilie"", ""2 x Spinat"", ""3 x Paprika""]","[""Zutaten waschen, schälen und in gleichmäßige Stücke schneiden."", ""Öl in Pfanne oder Topf erhitzen, aromatische Zutaten zuerst anschwitzen."", ""Hauptzutaten zugeben und kräftig anrösten, regelmäßig umrühren."", ""Mit Brühe/Sojasauce/Tomatenmark ablöschen und köcheln lassen."", ""Mit Salz, Pfeffer, Kräutern abschmecken, Zitronensaft für Frische."", ""Optional im Ofen fertiggaren oder ziehen lassen bis gewünschte Konsistenz."", ""Anrichten, mit frischen Kräutern toppen und sofort servieren.""]",de,2025-11-11T10:02:00Z,29-asiatischer-salat-to-go-(omnivor)
30,Asiatische Pasta in 15 Minuten (keto),"Schnelles Asiatisch-Rezept, abgestimmt auf One-Pot.",One-Pot,Asiatisch,keto,leicht,1,8,20,28,644,21,21,48,gluten,"familienfreundlich, low_carb, pfanne, proteinreich, unter_30_min",3.9,Chefkoch Max,"[""1 x Gurke"", ""3 x Spinat"", ""1 x Knoblauchzehe"", ""1 x Basilikum"", ""2 x Rapsöl"", ""1 x Kichererbsen"", ""3 x Rinderhack"", ""1 x Tomate"", ""2 x Brühe"", ""1 x Olivenöl""]","[""Zutaten waschen, schälen und in gleichmäßige Stücke schneiden."", ""Öl in Pfanne oder Topf erhitzen, aromatische Zutaten zuerst anschwitzen."", ""Hauptzutaten zugeben und kräftig anrösten, regelmäßig umrühren."", ""Mit Brühe/Sojasauce/Tomatenmark ablöschen und köcheln lassen."", ""Mit Salz, Pfeffer, Kräutern abschmecken, Zitronensaft für Frische."", ""Optional im Ofen fertiggaren oder ziehen lassen bis gewünschte Konsistenz."", ""Anrichten, mit frischen Kräutern toppen und sofort servieren.""]",de,2025-11-11T10:02:00Z,30-asiatische-pasta-in-15-minuten-(keto)
31,Cremiges Mexikanisch-Curry (glutenfrei),"Schnelles Mexikanisch-Rezept, abgestimmt auf Familien.",Familien,Mexikanisch,glutenfrei,mittel,4,8,26,34,329,12,36,14,,"familienfreundlich, mealprep, mild, saisonal, unter_15_min, unter_30_min",4.0,Chefkoch Max,"[""1 x Tomate"", ""3 x Petersilie"", ""3 x Tomatenmark"", ""3 x Olivenöl"", ""2 x Kidneybohnen"", ""2 x Kartoffeln"", ""3 x Reis""]","[""Zutaten waschen, schälen und in gleichmäßige Stücke schneiden."", ""Öl in Pfanne oder Topf erhitzen, aromatische Zutaten zuerst anschwitzen."", ""Hauptzutaten zugeben und kräftig anrösten, regelmäßig umrühren."", ""Mit Brühe/Sojasauce/Tomatenmark ablöschen und köcheln lassen."", ""Mit Salz, Pfeffer, Kräutern abschmecken, Zitronensaft für Frische.""]",de,2025-11-11T10:02:00Z,31-cremiges-mexikanisch-curry-(glutenfrei)
32,Amerikanische Pasta in 15 Minuten (omnivor),"Schnelles Amerikanisch-Rezept, abgestimmt auf Studierende.",Studierende,Amerikanisch,omnivor,anspruchsvoll,4,12,20,32,607,40,31,30,"gluten, laktose, nüsse","eintopf, low_carb, mild, ofen",4.6,Gastautor,"[""2 x Brühe"", ""2 x Koriander"", ""1 x Currypaste"", ""2 x Paprika"", ""2 x Rapsöl"", ""2 x Joghurt"", ""2 x Petersilie"", ""2 x Quinoa"", ""3 x Sojasauce""]","[""Zutaten waschen, schälen und in gleichmäßige Stücke schneiden."", ""Öl in Pfanne oder Topf erhitzen, aromatische Zutaten zuerst anschwitzen."", ""Hauptzutaten zugeben und kräftig anrösten, regelmäßig umrühren."", ""Mit Brühe/Sojasauce/Tomatenmark ablöschen und köcheln lassen."", ""Mit Salz, Pfeffer, Kräutern abschmecken, Zitronensaft für Frische.""]",de,2025-11-11T10:02:00Z,32-amerikanische-pasta-in-15-minuten-(omnivor)
33,Ofenrezept: Orientalische Blechvariante (vegan),"Schnelles Orientalisch-Rezept, abgestimmt auf Berufstätige.",Berufstätige,Orientalisch,vegan,mittel,1,12,16,28,400,14,44,25,,"faserreich, mealprep, mild, pfanne, proteinreich, schnell, unter_30_min",4.0,Chefkoch Lina,"[""1 x Currypaste"", ""1 x Paprika"", ""2 x Petersilie"", ""3 x Tofu"", ""2 x Vollkornpasta"", ""1 x Brühe"", ""2 x Kidneybohnen"", ""3 x Basilikum"", ""1 x Pasta""]","[""Zutaten waschen, schälen und in gleichmäßige Stücke schneiden."", ""Öl in Pfanne oder Topf erhitzen, aromatische Zutaten zuerst anschwitzen."", ""Hauptzutaten zugeben und kräftig anrösten, regelmäßig umrühren."", ""Mit Brühe/Sojasauce/Tomatenmark ablöschen und köcheln lassen."", ""Mit Salz, Pfeffer, Kräutern abschmecken, Zitronensaft für Frische.""]",de,2025-11-11T10:02:00Z,33-ofenrezept:-orientalische-blechvariante-(vegan)
34,One‑Pot Deutsch Comfort Food (glutenfrei),"Schnelles Deutsch-Rezept, abgestimmt auf Budget.",Budget,Deutsch,glutenfrei,mittel,1,13,5,18,481,34,46,18,gluten,"eintopf, familienfreundlich, faserreich, high_protein, saisonal, unter_30_min",4.2,Chefkoch Max,"[""3 x Zitrone"", ""1 x Spinat"", ""1 x Olivenöl"", ""1 x Koriander"", ""1 x Zucchini"", ""3 x Kichererbsen"", ""1 x Gurke"", ""3 x Reis""]","[""Zutaten waschen, schälen und in gleichmäßige Stücke schneiden."", ""Öl in Pfanne oder Topf erhitzen, aromatische Zutaten zuerst anschwitzen."", ""Hauptzutaten zugeben und kräftig anrösten, regelmäßig umrühren."", ""Mit Brühe/Sojasauce/Tomatenmark ablöschen und köcheln lassen."", ""Mit Salz, Pfeffer, Kräutern abschmecken, Zitronensaft für Frische.""]",de,2025-11-11T10:02:00Z,34-one‑pot-deutsch-comfort-food-(glutenfrei)
35,Amerikanische Pasta in 15 Minuten (vegan),"Schnelles Amerikanisch-Rezept, abgestimmt auf Berufstätige.",Berufstätige,Amerikanisch,vegan,mittel,1,12,20,32,514,20,63,23,,"mealprep, mild, nudeln, proteinreich, salat, schnell",4.1,Team Küche,"[""1 x Rapsöl"", ""2 x Paprika"", ""3 x Zwiebel"", ""2 x Tofu"", ""1 x Petersilie"", ""1 x Olivenöl"", ""2 x Tomate""]","[""Zutaten waschen, schälen und in gleichmäßige Stücke schneiden."", ""Öl in Pfanne oder Topf erhitzen, aromatische Zutaten zuerst anschwitzen."", ""Hauptzutaten zugeben und kräftig anrösten, regelmäßig umrühren."", ""Mit Brühe/Sojasauce/Tomatenmark ablöschen und köcheln lassen."", ""Mit Salz, Pfeffer, Kräutern abschmecken, Zitronensaft für Frische."", ""Optional im Ofen fertiggaren oder ziehen lassen bis gewünschte Konsistenz.""]",de,2025-11-11T10:02:00Z,35-amerikanische-pasta-in-15-minuten-(vegan)
36,Meal‑Prep Mediterran (pescetarisch) für 3 Tage,"Schnelles Mediterran-Rezept, abgestimmt auf One-Pot.",One-Pot,Mediterran,pescetarisch,leicht,2,16,7,23,669,19,50,38,"erdnüsse, gluten","eintopf, familienfreundlich, high_protein, salat, schnell, unter_30_min",4.2,Team Küche,"[""2 x Brühe"", ""2 x Kokosmilch"", ""3 x Gurke"", ""2 x Spinat"", ""1 x Currypaste"", ""2 x Paprika"", ""1 x Petersilie"", ""1 x Lachsfilet""]","[""Zutaten waschen, schälen und in gleichmäßige Stücke schneiden."", ""Öl in Pfanne oder Topf erhitzen, aromatische Zutaten zuerst anschwitzen."", ""Hauptzutaten zugeben und kräftig anrösten, regelmäßig umrühren."", ""Mit Brühe/Sojasauce/Tomatenmark ablöschen und köcheln lassen."", ""Mit Salz, Pfeffer, Kräutern abschmecken, Zitronensaft für Frische.""]",de,2025-11-11T10:02:00Z,36-meal‑prep-mediterran-(pescetarisch)-für-3-tage
37,Meal‑Prep Italienisch (pescetarisch) für 3 Tage,"Schnelles Italienisch-Rezept, abgestimmt auf One-Pot.",One-Pot,Italienisch,pescetarisch,leicht,4,11,29,40,551,38,47,26,"gluten, laktose","faserreich, mealprep, nudeln, saisonal",3.9,Chefkoch Max,"[""1 x Tomatenmark"", ""2 x Quinoa"", ""2 x Koriander"", ""2 x Tomate"", ""1 x Zucchini"", ""1 x Karotte"", ""2 x Aubergine"", ""2 x Brühe"", ""1 x Basilikum"", ""3 x Tofu"", ""1 x Lachsfilet""]","[""Zutaten waschen, schälen und in gleichmäßige Stücke schneiden."", ""Öl in Pfanne oder Topf erhitzen, aromatische Zutaten zuerst anschwitzen."", ""Hauptzutaten zugeben und kräftig anrösten, regelmäßig umrühren."", ""Mit Brühe/Sojasauce/Tomatenmark ablöschen und köcheln lassen."", ""Mit Salz, Pfeffer, Kräutern abschmecken, Zitronensaft für Frische.""]",de,2025-11-11T10:02:00Z,37-meal‑prep-italienisch-(pescetarisch)-für-3-tage
38,Proteinreicher Orientalisch-Mix (glutenfrei),"Schnelles Orientalisch-Rezept, abgestimmt auf Low-Carb.",Low-Carb,Orientalisch,glutenfrei,mittel,3,6,19,25,628,18,71,30,"gluten, nüsse","high_protein, mealprep, ofen, proteinreich, saisonal, unter_15_min, unter_30_min",4.5,Team Küche,"[""2 x Zitrone"", ""1 x Kichererbsen"", ""3 x Kokosmilch"", ""3 x Kidneybohnen"", ""2 x Brühe"", ""2 x Tofu"", ""2 x Mais"", ""3 x Spinat"", ""3 x Olivenöl"", ""3 x Koriander"", ""1 x Haferflocken""]","[""Zutaten waschen, schälen und in gleichmäßige Stücke schneiden."", ""Öl in Pfanne oder Topf erhitzen, aromatische Zutaten zuerst anschwitzen."", ""Hauptzutaten zugeben und kräftig anrösten, regelmäßig umrühren."", ""Mit Brühe/Sojasauce/Tomatenmark ablöschen und köcheln lassen."", ""Mit Salz, Pfeffer, Kräutern abschmecken, Zitronensaft für Frische.""]",de,2025-11-11T10:02:00Z,38-proteinreicher-orientalisch-mix-(glutenfrei)
39,Ofenrezept: Asiatische Blechvariante (omnivor),"Schnelles Asiatisch-Rezept, abgestimmt auf Anfänger.",Anfänger,Asiatisch,omnivor,leicht,2,14,25,39,480,37,50,19,"gluten, nüsse","pfanne, reis, salat",4.7,Team Küche,"[""3 x Spinat"", ""3 x Haferflocken"", ""3 x Basilikum"", ""3 x Hähnchenbrust"", ""1 x Rinderhack"", ""3 x Tomate"", ""2 x Tomatenmark"", ""3 x Karotte""]","[""Zutaten waschen, schälen und in gleichmäßige Stücke schneiden."", ""Öl in Pfanne oder Topf erhitzen, aromatische Zutaten zuerst anschwitzen."", ""Hauptzutaten zugeben und kräftig anrösten, regelmäßig umrühren."", ""Mit Brühe/Sojasauce/Tomatenmark ablöschen und köcheln lassen."", ""Mit Salz, Pfeffer, Kräutern abschmecken, Zitronensaft für Frische."", ""Optional im Ofen fertiggaren oder ziehen lassen bis gewünschte Konsistenz.""]",de,2025-11-11T10:02:00Z,39-ofenrezept:-asiatische-blechvariante-(omnivor)
40,Cremiges Orientalisch-Curry (glutenfrei),"Schnelles Orientalisch-Rezept, abgestimmt auf Familien.",Familien,Orientalisch,glutenfrei,leicht,2,10,10,20,603,35,74,15,"laktose, weichtiere","familienfreundlich, high_protein, pikant, schnell, suppe, unter_30_min",4.7,Chefkoch Max,"[""1 x Mais"", ""2 x Kokosmilch"", ""1 x Tomatenmark"", ""3 x Zucchini"", ""2 x Olivenöl"", ""2 x Tofu"", ""3 x Brühe"", ""1 x Zitrone"", ""3 x Kartoffeln"", ""3 x Rapsöl""]","[""Zutaten waschen, schälen und in gleichmäßige Stücke schneiden."", ""Öl in Pfanne oder Topf erhitzen, aromatische Zutaten zuerst anschwitzen."", ""Hauptzutaten zugeben und kräftig anrösten, regelmäßig umrühren."", ""Mit Brühe/Sojasauce/Tomatenmark ablöschen und köcheln lassen."", ""Mit Salz, Pfeffer, Kräutern abschmecken, Zitronensaft für Frische."", ""Optional im Ofen fertiggaren oder ziehen lassen bis gewünschte Konsistenz."", ""Anrichten, mit frischen Kräutern toppen und sofort servieren.""]",de,2025-11-11T10:02:00Z,40-cremiges-orientalisch-curry-(glutenfrei)
41,Cremiges Italienisch-Curry (vegan),"Schnelles Italienisch-Rezept, abgestimmt auf Berufstätige.",Berufstätige,Italienisch,vegan,leicht,3,12,19,31,437,25,67,14,,"familienfreundlich, mealprep, mild, pfanne, salat, unter_15_min, unter_30_min",4.5,Gastautor,"[""1 x Kokosmilch"", ""1 x Zucchini"", ""2 x Knoblauchzehe"", ""2 x Kichererbsen"", ""3 x Brühe"", ""1 x Paprika"", ""3 x Sojasauce"", ""2 x Tofu""]","[""Zutaten waschen, schälen und in gleichmäßige Stücke schneiden."", ""Öl in Pfanne oder Topf erhitzen, aromatische Zutaten zuerst anschwitzen."", ""Hauptzutaten zugeben und kräftig anrösten, regelmäßig umrühren."", ""Mit Brühe/Sojasauce/Tomatenmark ablöschen und köcheln lassen."", ""Mit Salz, Pfeffer, Kräutern abschmecken, Zitronensaft für Frische.""]",de,2025-11-11T10:02:00Z,41-cremiges-italienisch-curry-(vegan)
42,Schnelle Deutsch-Pfanne (glutenfrei),"Schnelles Deutsch-Rezept, abgestimmt auf Meal-Prep.",Meal-Prep,Deutsch,glutenfrei,leicht,4,5,13,18,509,29,48,14,,"mealprep, pikant, proteinreich, reis, schnell, unter_30_min",4.0,Chefkoch Lina,"[""1 x Tomate"", ""3 x Rinderhack"", ""2 x Basilikum"", ""1 x Reis"", ""3 x Zwiebel"", ""2 x Quinoa"", ""1 x Kartoffeln"", ""3 x Koriander""]","[""Zutaten waschen, schälen und in gleichmäßige Stücke schneiden."", ""Öl in Pfanne oder Topf erhitzen, aromatische Zutaten zuerst anschwitzen."", ""Hauptzutaten zugeben und kräftig anrösten, regelmäßig umrühren."", ""Mit Brühe/Sojasauce/Tomatenmark ablöschen und köcheln lassen."", ""Mit Salz, Pfeffer, Kräutern abschmecken, Zitronensaft für Frische.""]",de,2025-11-11T10:02:00Z,42-schnelle-deutsch-pfanne-(glutenfrei)
43,Schnelle Indisch-Pfanne (glutenfrei),"Schnelles Indisch-Rezept, abgestimmt auf Berufstätige.",Berufstätige,Indisch,glutenfrei,mittel,2,5,17,22,506,32,65,11,gluten,"eintopf, mealprep, pfanne, pikant, proteinreich, saisonal, unter_30_min",4.3,Gastautor,"[""1 x Karotte"", ""1 x Joghurt"", ""3 x Haferflocken"", ""2 x Sojasauce"", ""1 x Quinoa"", ""2 x Gurke"", ""1 x Petersilie"", ""1 x Olivenöl""]","[""Zutaten waschen, schälen und in gleichmäßige Stücke schneiden."", ""Öl in Pfanne oder Topf erhitzen, aromatische Zutaten zuerst anschwitzen."", ""Hauptzutaten zugeben und kräftig anrösten, regelmäßig umrühren."", ""Mit Brühe/Sojasauce/Tomatenmark ablöschen und köcheln lassen."", ""Mit Salz, Pfeffer, Kräutern abschmecken, Zitronensaft für Frische.""]",de,2025-11-11T10:02:00Z,43-schnelle-indisch-pfanne-(glutenfrei)
44,Herzhafter Indisch-Eintopf (omnivor),"Schnelles Indisch-Rezept, abgestimmt auf Sportler.",Sportler,Indisch,omnivor,leicht,3,17,22,39,728,29,55,23,gluten,"high_protein, mild, pfanne, proteinreich, salat, suppe",4.3,Chefkoch Lina,"[""3 x Haferflocken"", ""1 x Kidneybohnen"", ""3 x Basilikum"", ""2 x Joghurt"", ""2 x Aubergine"", ""1 x Koriander"", ""1 x Rapsöl"", ""2 x Kartoffeln"", ""3 x Lachsfilet"", ""2 x Karotte""]","[""Zutaten waschen, schälen und in gleichmäßige Stücke schneiden."", ""Öl in Pfanne oder Topf erhitzen, aromatische Zutaten zuerst anschwitzen."", ""Hauptzutaten zugeben und kräftig anrösten, regelmäßig umrühren."", ""Mit Brühe/Sojasauce/Tomatenmark ablöschen und köcheln lassen."", ""Mit Salz, Pfeffer, Kräutern abschmecken, Zitronensaft für Frische.""]",de,2025-11-11T10:02:00Z,44-herzhafter-indisch-eintopf-(omnivor)
45,Cremiges Orientalisch-Curry (keto),"Schnelles Orientalisch-Rezept, abgestimmt auf Senioren.",Senioren,Orientalisch,keto,mittel,3,19,16,35,669,43,22,41,"gluten, laktose","low_carb, mealprep, pfanne, reis, saisonal, salat, unter_15_min",4.8,Team Küche,"[""3 x Lachsfilet"", ""1 x Tomate"", ""3 x Aubergine"", ""2 x Olivenöl"", ""2 x Kidneybohnen"", ""2 x Tomatenmark""]","[""Zutaten waschen, schälen und in gleichmäßige Stücke schneiden."", ""Öl in Pfanne oder Topf erhitzen, aromatische Zutaten zuerst anschwitzen."", ""Hauptzutaten zugeben und kräftig anrösten, regelmäßig umrühren."", ""Mit Brühe/Sojasauce/Tomatenmark ablöschen und köcheln lassen."", ""Mit Salz, Pfeffer, Kräutern abschmecken, Zitronensaft für Frische."", ""Optional im Ofen fertiggaren oder ziehen lassen bis gewünschte Konsistenz.""]",de,2025-11-11T10:02:00Z,45-cremiges-orientalisch-curry-(keto)
46,Meal‑Prep Asiatisch (omnivor) für 3 Tage,"Schnelles Asiatisch-Rezept, abgestimmt auf Meal-Prep.",Meal-Prep,Asiatisch,omnivor,mittel,2,16,17,33,602,26,45,35,laktose,"eintopf, faserreich, low_carb, mealprep, mild, proteinreich, reis",4.7,Community,"[""3 x Pasta"", ""2 x Basilikum"", ""3 x Mais"", ""1 x Paprika"", ""3 x Tomate"", ""3 x Currypaste"", ""2 x Karotte"", ""2 x Zucchini"", ""1 x Gurke"", ""3 x Joghurt"", ""3 x Sojasauce""]","[""Zutaten waschen, schälen und in gleichmäßige Stücke schneiden."", ""Öl in Pfanne oder Topf erhitzen, aromatische Zutaten zuerst anschwitzen."", ""Hauptzutaten zugeben und kräftig anrösten, regelmäßig umrühren."", ""Mit Brühe/Sojasauce/Tomatenmark ablöschen und köcheln lassen."", ""Mit Salz, Pfeffer, Kräutern abschmecken, Zitronensaft für Frische."", ""Optional im Ofen fertiggaren oder ziehen lassen bis gewünschte Konsistenz."", ""Anrichten, mit frischen Kräutern toppen und sofort servieren.""]",de,2025-11-11T10:02:00Z,46-meal‑prep-asiatisch-(omnivor)-für-3-tage
47,Schnelle Mediterran-Pfanne (vegan),"Schnelles Mediterran-Rezept, abgestimmt auf Familien.",Familien,Mediterran,vegan,anspruchsvoll,3,11,30,41,359,27,43,17,"gluten, sellerie","eintopf, familienfreundlich, high_protein, saisonal, schnell",3.9,Chefkoch Max,"[""3 x Sojasauce"", ""3 x Zitrone"", ""1 x Tomate"", ""1 x Basilikum"", ""2 x Kichererbsen"", ""3 x Quinoa"", ""1 x Karotte"", ""1 x Zucchini"", ""3 x Koriander"", ""1 x Haferflocken"", ""2 x Kartoffeln"", ""1 x Tofu""]","[""Zutaten waschen, schälen und in gleichmäßige Stücke schneiden."", ""Öl in Pfanne oder Topf erhitzen, aromatische Zutaten zuerst anschwitzen."", ""Hauptzutaten zugeben und kräftig anrösten, regelmäßig umrühren."", ""Mit Brühe/Sojasauce/Tomatenmark ablöschen und köcheln lassen."", ""Mit Salz, Pfeffer, Kräutern abschmecken, Zitronensaft für Frische."", ""Optional im Ofen fertiggaren oder ziehen lassen bis gewünschte Konsistenz.""]",de,2025-11-11T10:02:00Z,47-schnelle-mediterran-pfanne-(vegan)
48,Ofenrezept: Mediterrane Blechvariante (vegan),"Schnelles Mediterran-Rezept, abgestimmt auf Familien.",Familien,Mediterran,vegan,leicht,4,14,7,21,537,32,51,16,"erdnüsse, gluten, soja","familienfreundlich, faserreich, mealprep, reis, unter_30_min",4.3,Team Küche,"[""2 x Haferflocken"", ""3 x Karotte"", ""3 x Knoblauchzehe"", ""2 x Koriander"", ""3 x Basilikum"", ""2 x Quinoa"", ""2 x Olivenöl"", ""1 x Pasta"", ""3 x Tomatenmark"", ""2 x Tofu""]","[""Zutaten waschen, schälen und in gleichmäßige Stücke schneiden."", ""Öl in Pfanne oder Topf erhitzen, aromatische Zutaten zuerst anschwitzen."", ""Hauptzutaten zugeben und kräftig anrösten, regelmäßig umrühren."", ""Mit Brühe/Sojasauce/Tomatenmark ablöschen und köcheln lassen."", ""Mit Salz, Pfeffer, Kräutern abschmecken, Zitronensaft für Frische.""]",de,2025-11-11T10:02:00Z,48-ofenrezept:-mediterrane-blechvariante-(vegan)
49,Italienische Bowl für Senioren (keto),"Schnelles Italienisch-Rezept, abgestimmt auf Senioren.",Senioren,Italienisch,keto,leicht,2,10,19,29,717,34,21,55,"fisch, gluten, laktose, weichtiere","faserreich, low_carb, mealprep, nudeln, pfanne, proteinreich, reis, unter_30_min",4.7,Chefkoch Max,"[""3 x Aubergine"", ""2 x Tofu"", ""1 x Hähnchenbrust"", ""1 x Knoblauchzehe"", ""2 x Koriander"", ""3 x Currypaste"", ""2 x Spinat"", ""2 x Rinderhack"", ""2 x Olivenöl""]","[""Zutaten waschen, schälen und in gleichmäßige Stücke schneiden."", ""Öl in Pfanne oder Topf erhitzen, aromatische Zutaten zuerst anschwitzen."", ""Hauptzutaten zugeben und kräftig anrösten, regelmäßig umrühren."", ""Mit Brühe/Sojasauce/Tomatenmark ablöschen und köcheln lassen."", ""Mit Salz, Pfeffer, Kräutern abschmecken, Zitronensaft für Frische."", ""Optional im Ofen fertiggaren oder ziehen lassen bis gewünschte Konsistenz."", ""Anrichten, mit frischen Kräutern toppen und sofort servieren.""]",de,2025-11-11T10:02:00Z,49-italienische-bowl-für-senioren-(keto)
50,Italienische Pasta in 15 Minuten (omnivor),"Schnelles Italienisch-Rezept, abgestimmt auf Meal-Prep.",Meal-Prep,Italienisch,omnivor,mittel,2,19,12,31,517,29,38,33,"gluten, sellerie, weichtiere","low_carb, mealprep, proteinreich, saisonal, salat, unter_15_min",4.2,Chefkoch Lina,"[""3 x Kokosmilch"", ""2 x Karotte"", ""3 x Rapsöl"", ""3 x Knoblauchzehe"", ""3 x Pasta"", ""1 x Reis"", ""1 x Hähnchenbrust"", ""1 x Kidneybohnen"", ""2 x Tomatenmark"", ""2 x Tofu""]","[""Zutaten waschen, schälen und in gleichmäßige Stücke schneiden."", ""Öl in Pfanne oder Topf erhitzen, aromatische Zutaten zuerst anschwitzen."", ""Hauptzutaten zugeben und kräftig anrösten, regelmäßig umrühren."", ""Mit Brühe/Sojasauce/Tomatenmark ablöschen und köcheln lassen."", ""Mit Salz, Pfeffer, Kräutern abschmecken, Zitronensaft für Frische."", ""Optional im Ofen fertiggaren oder ziehen lassen bis gewünschte Konsistenz."", ""Anrichten, mit frischen Kräutern toppen und sofort servieren.""]",de,2025-11-11T10:02:00Z,50-italienische-pasta-in-15-minuten-(omnivor)
51,Cremiges Indisch-Curry (glutenfrei),"Schnelles Indisch-Rezept, abgestimmt auf Anfänger.",Anfänger,Indisch,glutenfrei,mittel,2,11,24,35,508,28,67,22,laktose,"faserreich, nudeln, reis, schnell, suppe",4.4,Chefkoch Max,"[""2 x Quinoa"", ""2 x Kichererbsen"", ""1 x Rapsöl"", ""2 x Kokosmilch"", ""2 x Sojasauce"", ""3 x Tofu"", ""1 x Koriander""]","[""Zutaten waschen, schälen und in gleichmäßige Stücke schneiden."", ""Öl in Pfanne oder Topf erhitzen, aromatische Zutaten zuerst anschwitzen."", ""Hauptzutaten zugeben und kräftig anrösten, regelmäßig umrühren."", ""Mit Brühe/Sojasauce/Tomatenmark ablöschen und köcheln lassen."", ""Mit Salz, Pfeffer, Kräutern abschmecken, Zitronensaft für Frische.""]",de,2025-11-11T10:02:00Z,51-cremiges-indisch-curry-(glutenfrei)
52,Mexikanische Bowl für Budget (glutenfrei),"Schnelles Mexikanisch-Rezept, abgestimmt auf Budget.",Budget,Mexikanisch,glutenfrei,leicht,3,20,13,33,549,19,72,28,,"familienfreundlich, faserreich, nudeln, pikant, proteinreich, unter_15_min, unter_30_min",4.0,Gastautor,"[""3 x Sojasauce"", ""2 x Spinat"", ""3 x Zitrone"", ""2 x Kartoffeln"", ""3 x Olivenöl"", ""2 x Aubergine"", ""2 x Kokosmilch""]","[""Zutaten waschen, schälen und in gleichmäßige Stücke schneiden."", ""Öl in Pfanne oder Topf erhitzen, aromatische Zutaten zuerst anschwitzen."", ""Hauptzutaten zugeben und kräftig anrösten, regelmäßig umrühren."", ""Mit Brühe/Sojasauce/Tomatenmark ablöschen und köcheln lassen."", ""Mit Salz, Pfeffer, Kräutern abschmecken, Zitronensaft für Frische.""]",de,2025-11-11T10:02:00Z,52-mexikanische-bowl-für-budget-(glutenfrei)
53,Meal‑Prep Indisch (keto) für 3 Tage,"Schnelles Indisch-Rezept, abgestimmt auf Familien.",Familien,Indisch,keto,leicht,2,16,26,42,734,35,16,59,"laktose, sesam","familienfreundlich, low_carb, nudeln, ofen, pikant, schnell",4.1,Team Küche,"[""2 x Rinderhack"", ""2 x Olivenöl"", ""3 x Rapsöl"", ""2 x Sojasauce"", ""3 x Kidneybohnen"", ""2 x Koriander"", ""1 x Basilikum"", ""1 x Tomate"", ""3 x Tofu""]","[""Zutaten waschen, schälen und in gleichmäßige Stücke schneiden."", ""Öl in Pfanne oder Topf erhitzen, aromatische Zutaten zuerst anschwitzen."", ""Hauptzutaten zugeben und kräftig anrösten, regelmäßig umrühren."", ""Mit Brühe/Sojasauce/Tomatenmark ablöschen und köcheln lassen."", ""Mit Salz, Pfeffer, Kräutern abschmecken, Zitronensaft für Frische."", ""Optional im Ofen fertiggaren oder ziehen lassen bis gewünschte Konsistenz."", ""Anrichten, mit frischen Kräutern toppen und sofort servieren.""]",de,2025-11-11T10:02:00Z,53-meal‑prep-indisch-(keto)-für-3-tage
54,Cremiges Mexikanisch-Curry (glutenfrei),"Schnelles Mexikanisch-Rezept, abgestimmt auf Senioren.",Senioren,Mexikanisch,glutenfrei,mittel,1,8,24,32,449,19,72,17,"sesam, weichtiere","ofen, proteinreich, salat",4.2,Team Küche,"[""1 x Zwiebel"", ""3 x Kichererbsen"", ""3 x Sojasauce"", ""1 x Quinoa"", ""3 x Brühe"", ""3 x Tomatenmark"", ""3 x Aubergine"", ""1 x Currypaste""]","[""Zutaten waschen, schälen und in gleichmäßige Stücke schneiden."", ""Öl in Pfanne oder Topf erhitzen, aromatische Zutaten zuerst anschwitzen."", ""Hauptzutaten zugeben und kräftig anrösten, regelmäßig umrühren."", ""Mit Brühe/Sojasauce/Tomatenmark ablöschen und köcheln lassen."", ""Mit Salz, Pfeffer, Kräutern abschmecken, Zitronensaft für Frische."", ""Optional im Ofen fertiggaren oder ziehen lassen bis gewünschte Konsistenz.""]",de,2025-11-11T10:02:00Z,54-cremiges-mexikanisch-curry-(glutenfrei)
55,Asiatische Bowl für Familien (keto),"Schnelles Asiatisch-Rezept, abgestimmt auf Familien.",Familien,Asiatisch,keto,anspruchsvoll,4,17,30,47,693,43,23,45,"erdnüsse, laktose","familienfreundlich, low_carb, nudeln, reis, schnell, suppe",3.8,Community,"[""2 x Rinderhack"", ""3 x Kichererbsen"", ""3 x Gurke"", ""1 x Kokosmilch"", ""1 x Zucchini"", ""3 x Lachsfilet"", ""3 x Joghurt"", ""2 x Olivenöl""]","[""Zutaten waschen, schälen und in gleichmäßige Stücke schneiden."", ""Öl in Pfanne oder Topf erhitzen, aromatische Zutaten zuerst anschwitzen."", ""Hauptzutaten zugeben und kräftig anrösten, regelmäßig umrühren."", ""Mit Brühe/Sojasauce/Tomatenmark ablöschen und köcheln lassen."", ""Mit Salz, Pfeffer, Kräutern abschmecken, Zitronensaft für Frische."", ""Optional im Ofen fertiggaren oder ziehen lassen bis gewünschte Konsistenz."", ""Anrichten, mit frischen Kräutern toppen und sofort servieren.""]",de,2025-11-11T10:02:00Z,55-asiatische-bowl-für-familien-(keto)
56,Schnelle Indisch-Pfanne (glutenfrei),"Schnelles Indisch-Rezept, abgestimmt auf Budget.",Budget,Indisch,glutenfrei,leicht,2,17,26,43,405,16,41,15,,"eintopf, familienfreundlich, mild, pikant",4.0,Chefkoch Max,"[""3 x Zwiebel"", ""2 x Kartoffeln"", ""3 x Quinoa"", ""1 x Kidneybohnen"", ""3 x Joghurt"", ""2 x Rinderhack"", ""2 x Knoblauchzehe"", ""3 x Haferflocken"", ""1 x Reis""]","[""Zutaten waschen, schälen und in gleichmäßige Stücke schneiden."", ""Öl in Pfanne oder Topf erhitzen, aromatische Zutaten zuerst anschwitzen."", ""Hauptzutaten zugeben und kräftig anrösten, regelmäßig umrühren."", ""Mit Brühe/Sojasauce/Tomatenmark ablöschen und köcheln lassen."", ""Mit Salz, Pfeffer, Kräutern abschmecken, Zitronensaft für Frische."", ""Optional im Ofen fertiggaren oder ziehen lassen bis gewünschte Konsistenz.""]",de,2025-11-11T10:02:00Z,56-schnelle-indisch-pfanne-(glutenfrei)
57,Cremiges Amerikanisch-Curry (vegetarisch),"Schnelles Amerikanisch-Rezept, abgestimmt auf Sportler.",Sportler,Amerikanisch,vegetarisch,leicht,4,19,28,47,800,35,73,21,"sesam, weichtiere","high_protein, pfanne, reis, saisonal, suppe",4.5,Chefkoch Max,"[""2 x Paprika"", ""1 x Koriander"", ""3 x Mais"", ""2 x Pasta"", ""1 x Reis"", ""2 x Tomate"", ""1 x Gurke"", ""3 x Joghurt""]","[""Zutaten waschen, schälen und in gleichmäßige Stücke schneiden."", ""Öl in Pfanne oder Topf erhitzen, aromatische Zutaten zuerst anschwitzen."", ""Hauptzutaten zugeben und kräftig anrösten, regelmäßig umrühren."", ""Mit Brühe/Sojasauce/Tomatenmark ablöschen und köcheln lassen."", ""Mit Salz, Pfeffer, Kräutern abschmecken, Zitronensaft für Frische."", ""Optional im Ofen fertiggaren oder ziehen lassen bis gewünschte Konsistenz."", ""Anrichten, mit frischen Kräutern toppen und sofort servieren.""]",de,2025-11-11T10:02:00Z,57-cremiges-amerikanisch-curry-(vegetarisch)
58,Meal‑Prep Deutsch (keto) für 3 Tage,"Schnelles Deutsch-Rezept, abgestimmt auf Budget.",Budget,Deutsch,keto,mittel,4,19,26,45,766,20,17,63,"gluten, laktose","familienfreundlich, low_carb, pfanne, salat, unter_30_min",4.6,Chefkoch Lina,"[""2 x Tomate"", ""2 x Petersilie"", ""2 x Karotte"", ""2 x Tofu"", ""2 x Spinat"", ""1 x Gurke"", ""3 x Olivenöl""]","[""Zutaten waschen, schälen und in gleichmäßige Stücke schneiden."", ""Öl in Pfanne oder Topf erhitzen, aromatische Zutaten zuerst anschwitzen."", ""Hauptzutaten zugeben und kräftig anrösten, regelmäßig umrühren."", ""Mit Brühe/Sojasauce/Tomatenmark ablöschen und köcheln lassen."", ""Mit Salz, Pfeffer, Kräutern abschmecken, Zitronensaft für Frische."", ""Optional im Ofen fertiggaren oder ziehen lassen bis gewünschte Konsistenz."", ""Anrichten, mit frischen Kräutern toppen und sofort servieren.""]",de,2025-11-11T10:02:00Z,58-meal‑prep-deutsch-(keto)-für-3-tage
59,Schnelle Indisch-Pfanne (vegetarisch),"Schnelles Indisch-Rezept, abgestimmt auf One-Pot.",One-Pot,Indisch,vegetarisch,leicht,2,10,22,32,515,16,60,26,sellerie,"eintopf, low_carb, mealprep, nudeln, pikant, reis",4.6,Team Küche,"[""1 x Karotte"", ""3 x Sojasauce"", ""1 x Knoblauchzehe"", ""2 x Zitrone"", ""2 x Paprika""]","[""Zutaten waschen, schälen und in gleichmäßige Stücke schneiden."", ""Öl in Pfanne oder Topf erhitzen, aromatische Zutaten zuerst anschwitzen."", ""Hauptzutaten zugeben und kräftig anrösten, regelmäßig umrühren."", ""Mit Brühe/Sojasauce/Tomatenmark ablöschen und köcheln lassen."", ""Mit Salz, Pfeffer, Kräutern abschmecken, Zitronensaft für Frische.""]",de,2025-11-11T10:02:00Z,59-schnelle-indisch-pfanne-(vegetarisch)
60,Mediterrane Bowl für Sportler (glutenfrei),"Schnelles Mediterran-Rezept, abgestimmt auf Sportler.",Sportler,Mediterran,glutenfrei,leicht,2,9,21,30,692,45,53,17,"fisch, weichtiere","faserreich, high_protein, pikant, reis, schnell, unter_30_min",4.2,Chefkoch Lina,"[""2 x Kidneybohnen"", ""1 x Currypaste"", ""2 x Basilikum"", ""2 x Knoblauchzehe"", ""1 x Zitrone"", ""3 x Quinoa"", ""2 x Haferflocken"", ""1 x Reis""]","[""Zutaten waschen, schälen und in gleichmäßige Stücke schneiden."", ""Öl in Pfanne oder Topf erhitzen, aromatische Zutaten zuerst anschwitzen."", ""Hauptzutaten zugeben und kräftig anrösten, regelmäßig umrühren."", ""Mit Brühe/Sojasauce/Tomatenmark ablöschen und köcheln lassen."", ""Mit Salz, Pfeffer, Kräutern abschmecken, Zitronensaft für Frische.""]",de,2025-11-11T10:02:00Z,60-mediterrane-bowl-für-sportler-(glutenfrei)
61,Proteinreicher Asiatisch-Mix (vegan),"Schnelles Asiatisch-Rezept, abgestimmt auf Sportler.",Sportler,Asiatisch,vegan,leicht,4,6,22,28,742,39,61,23,gluten,"familienfreundlich, high_protein, ofen, saisonal, salat, suppe, unter_30_min",4.7,Chefkoch Max,"[""3 x Paprika"", ""3 x Reis"", ""3 x Olivenöl"", ""1 x Haferflocken"", ""2 x Vollkornpasta"", ""1 x Brühe"", ""2 x Knoblauchzehe"", ""2 x Karotte"", ""1 x Tofu""]","[""Zutaten waschen, schälen und in gleichmäßige Stücke schneiden."", ""Öl in Pfanne oder Topf erhitzen, aromatische Zutaten zuerst anschwitzen."", ""Hauptzutaten zugeben und kräftig anrösten, regelmäßig umrühren."", ""Mit Brühe/Sojasauce/Tomatenmark ablöschen und köcheln lassen."", ""Mit Salz, Pfeffer, Kräutern abschmecken, Zitronensaft für Frische."", ""Optional im Ofen fertiggaren oder ziehen lassen bis gewünschte Konsistenz."", ""Anrichten, mit frischen Kräutern toppen und sofort servieren.""]",de,2025-11-11T10:02:00Z,61-proteinreicher-asiatisch-mix-(vegan)
62,Proteinreicher Italienisch-Mix (vegetarisch),"Schnelles Italienisch-Rezept, abgestimmt auf Sportler.",Sportler,Italienisch,vegetarisch,leicht,3,12,27,39,633,34,73,16,sellerie,"high_protein, mild, nudeln, pfanne, pikant, schnell",4.4,Chefkoch Lina,"[""2 x Spinat"", ""1 x Kokosmilch"", ""1 x Quinoa"", ""2 x Zitrone"", ""1 x Knoblauchzehe"", ""2 x Pasta"", ""3 x Currypaste"", ""1 x Koriander"", ""2 x Joghurt"", ""3 x Tofu""]","[""Zutaten waschen, schälen und in gleichmäßige Stücke schneiden."", ""Öl in Pfanne oder Topf erhitzen, aromatische Zutaten zuerst anschwitzen."", ""Hauptzutaten zugeben und kräftig anrösten, regelmäßig umrühren."", ""Mit Brühe/Sojasauce/Tomatenmark ablöschen und köcheln lassen."", ""Mit Salz, Pfeffer, Kräutern abschmecken, Zitronensaft für Frische.""]",de,2025-11-11T10:02:00Z,62-proteinreicher-italienisch-mix-(vegetarisch)
63,Proteinreicher Amerikanisch-Mix (vegan),"Schnelles Amerikanisch-Rezept, abgestimmt auf Anfänger.",Anfänger,Amerikanisch,vegan,leicht,2,19,10,29,486,16,57,15,"gluten, weichtiere","saisonal, unter_15_min, unter_30_min",4.5,Chefkoch Max,"[""2 x Tofu"", ""3 x Zwiebel"", ""2 x Spinat"", ""1 x Kartoffeln"", ""1 x Zucchini"", ""3 x Kidneybohnen"", ""3 x Knoblauchzehe""]","[""Zutaten waschen, schälen und in gleichmäßige Stücke schneiden."", ""Öl in Pfanne oder Topf erhitzen, aromatische Zutaten zuerst anschwitzen."", ""Hauptzutaten zugeben und kräftig anrösten, regelmäßig umrühren."", ""Mit Brühe/Sojasauce/Tomatenmark ablöschen und köcheln lassen."", ""Mit Salz, Pfeffer, Kräutern abschmecken, Zitronensaft für Frische.""]",de,2025-11-11T10:02:00Z,63-proteinreicher-amerikanisch-mix-(vegan)
64,Meal‑Prep Deutsch (omnivor) für 3 Tage,"Schnelles Deutsch-Rezept, abgestimmt auf Budget.",Budget,Deutsch,omnivor,leicht,4,13,22,35,561,34,43,15,,"familienfreundlich, faserreich, proteinreich, reis",4.0,Team Küche,"[""3 x Kartoffeln"", ""3 x Joghurt"", ""1 x Reis"", ""1 x Rapsöl"", ""2 x Mais"", ""2 x Karotte"", ""2 x Kidneybohnen"", ""3 x Brühe"", ""2 x Zucchini"", ""1 x Pasta"", ""3 x Rinderhack""]","[""Zutaten waschen, schälen und in gleichmäßige Stücke schneiden."", ""Öl in Pfanne oder Topf erhitzen, aromatische Zutaten zuerst anschwitzen."", ""Hauptzutaten zugeben und kräftig anrösten, regelmäßig umrühren."", ""Mit Brühe/Sojasauce/Tomatenmark ablöschen und köcheln lassen."", ""Mit Salz, Pfeffer, Kräutern abschmecken, Zitronensaft für Frische.""]",de,2025-11-11T10:02:00Z,64-meal‑prep-deutsch-(omnivor)-für-3-tage
65,Schnelle Asiatisch-Pfanne (pescetarisch),"Schnelles Asiatisch-Rezept, abgestimmt auf Studierende.",Studierende,Asiatisch,pescetarisch,anspruchsvoll,2,12,18,30,640,21,46,33,"erdnüsse, laktose, sellerie","high_protein, low_carb, mild, saisonal, unter_30_min",4.1,Chefkoch Lina,"[""3 x Spinat"", ""3 x Tofu"", ""2 x Rapsöl"", ""2 x Brühe"", ""3 x Karotte"", ""1 x Koriander"", ""3 x Gurke"", ""3 x Lachsfilet""]","[""Zutaten waschen, schälen und in gleichmäßige Stücke schneiden."", ""Öl in Pfanne oder Topf erhitzen, aromatische Zutaten zuerst anschwitzen."", ""Hauptzutaten zugeben und kräftig anrösten, regelmäßig umrühren."", ""Mit Brühe/Sojasauce/Tomatenmark ablöschen und köcheln lassen."", ""Mit Salz, Pfeffer, Kräutern abschmecken, Zitronensaft für Frische.""]",de,2025-11-11T10:02:00Z,65-schnelle-asiatisch-pfanne-(pescetarisch)
66,Indische Bowl für Berufstätige (glutenfrei),"Schnelles Indisch-Rezept, abgestimmt auf Berufstätige.",Berufstätige,Indisch,glutenfrei,leicht,4,8,18,26,466,22,49,12,"eier, fisch","mealprep, mild, nudeln, suppe, unter_30_min",4.0,Gastautor,"[""3 x Currypaste"", ""2 x Kidneybohnen"", ""2 x Olivenöl"", ""2 x Karotte"", ""1 x Basilikum"", ""1 x Tofu"", ""1 x Rapsöl"", ""2 x Rinderhack"", ""2 x Joghurt"", ""2 x Reis""]","[""Zutaten waschen, schälen und in gleichmäßige Stücke schneiden."", ""Öl in Pfanne oder Topf erhitzen, aromatische Zutaten zuerst anschwitzen."", ""Hauptzutaten zugeben und kräftig anrösten, regelmäßig umrühren."", ""Mit Brühe/Sojasauce/Tomatenmark ablöschen und köcheln lassen."", ""Mit Salz, Pfeffer, Kräutern abschmecken, Zitronensaft für Frische."", ""Optional im Ofen fertiggaren oder ziehen lassen bis gewünschte Konsistenz.""]",de,2025-11-11T10:02:00Z,66-indische-bowl-für-berufstätige-(glutenfrei)
67,Schnelle Asiatisch-Pfanne (omnivor),"Schnelles Asiatisch-Rezept, abgestimmt auf Senioren.",Senioren,Asiatisch,omnivor,leicht,3,10,18,28,711,35,53,32,"gluten, laktose, senf","eintopf, ofen, unter_15_min, unter_30_min",4.3,Team Küche,"[""1 x Aubergine"", ""2 x Kichererbsen"", ""2 x Olivenöl"", ""2 x Gurke"", ""2 x Tomate"", ""2 x Lachsfilet"", ""1 x Tofu""]","[""Zutaten waschen, schälen und in gleichmäßige Stücke schneiden."", ""Öl in Pfanne oder Topf erhitzen, aromatische Zutaten zuerst anschwitzen."", ""Hauptzutaten zugeben und kräftig anrösten, regelmäßig umrühren."", ""Mit Brühe/Sojasauce/Tomatenmark ablöschen und köcheln lassen."", ""Mit Salz, Pfeffer, Kräutern abschmecken, Zitronensaft für Frische."", ""Optional im Ofen fertiggaren oder ziehen lassen bis gewünschte Konsistenz.""]",de,2025-11-11T10:02:00Z,67-schnelle-asiatisch-pfanne-(omnivor)
68,Proteinreicher Mediterran-Mix (vegan),"Schnelles Mediterran-Rezept, abgestimmt auf Anfänger.",Anfänger,Mediterran,vegan,mittel,4,11,19,30,295,21,41,14,erdnüsse,"high_protein, low_carb, nudeln, ofen, salat, suppe, unter_30_min",4.6,Chefkoch Lina,"[""3 x Vollkornpasta"", ""1 x Quinoa"", ""2 x Mais"", ""2 x Aubergine"", ""2 x Kichererbsen"", ""2 x Gurke"", ""2 x Basilikum"", ""1 x Brühe"", ""3 x Tofu""]","[""Zutaten waschen, schälen und in gleichmäßige Stücke schneiden."", ""Öl in Pfanne oder Topf erhitzen, aromatische Zutaten zuerst anschwitzen."", ""Hauptzutaten zugeben und kräftig anrösten, regelmäßig umrühren."", ""Mit Brühe/Sojasauce/Tomatenmark ablöschen und köcheln lassen."", ""Mit Salz, Pfeffer, Kräutern abschmecken, Zitronensaft für Frische."", ""Optional im Ofen fertiggaren oder ziehen lassen bis gewünschte Konsistenz.""]",de,2025-11-11T10:02:00Z,68-proteinreicher-mediterran-mix-(vegan)
69,Meal‑Prep Asiatisch (glutenfrei) für 3 Tage,"Schnelles Asiatisch-Rezept, abgestimmt auf Sportler.",Sportler,Asiatisch,glutenfrei,leicht,3,5,28,33,618,36,64,16,,"faserreich, high_protein, low_carb, nudeln, ofen, pikant, schnell",4.7,Community,"[""3 x Tomate"", ""3 x Tomatenmark"", ""3 x Petersilie"", ""3 x Mais"", ""1 x Reis"", ""1 x Kartoffeln"", ""1 x Joghurt"", ""3 x Spinat"", ""3 x Koriander""]","[""Zutaten waschen, schälen und in gleichmäßige Stücke schneiden."", ""Öl in Pfanne oder Topf erhitzen, aromatische Zutaten zuerst anschwitzen."", ""Hauptzutaten zugeben und kräftig anrösten, regelmäßig umrühren."", ""Mit Brühe/Sojasauce/Tomatenmark ablöschen und köcheln lassen."", ""Mit Salz, Pfeffer, Kräutern abschmecken, Zitronensaft für Frische."", ""Optional im Ofen fertiggaren oder ziehen lassen bis gewünschte Konsistenz."", ""Anrichten, mit frischen Kräutern toppen und sofort servieren.""]",de,2025-11-11T10:02:00Z,69-meal‑prep-asiatisch-(glutenfrei)-für-3-tage
70,One‑Pot Deutsch Comfort Food (vegetarisch),"Schnelles Deutsch-Rezept, abgestimmt auf Anfänger.",Anfänger,Deutsch,vegetarisch,mittel,4,17,29,46,413,15,56,23,"gluten, laktose, senf, weichtiere","eintopf, high_protein, pfanne, suppe",4.1,Chefkoch Lina,"[""1 x Tofu"", ""3 x Joghurt"", ""2 x Knoblauchzehe"", ""2 x Aubergine"", ""2 x Paprika"", ""1 x Zitrone"", ""2 x Spinat"", ""3 x Karotte"", ""3 x Brühe"", ""2 x Kokosmilch"", ""2 x Tomate""]","[""Zutaten waschen, schälen und in gleichmäßige Stücke schneiden."", ""Öl in Pfanne oder Topf erhitzen, aromatische Zutaten zuerst anschwitzen."", ""Hauptzutaten zugeben und kräftig anrösten, regelmäßig umrühren."", ""Mit Brühe/Sojasauce/Tomatenmark ablöschen und köcheln lassen."", ""Mit Salz, Pfeffer, Kräutern abschmecken, Zitronensaft für Frische."", ""Optional im Ofen fertiggaren oder ziehen lassen bis gewünschte Konsistenz.""]",de,2025-11-11T10:02:00Z,70-one‑pot-deutsch-comfort-food-(vegetarisch)
71,Schnelle Deutsch-Pfanne (vegan),"Schnelles Deutsch-Rezept, abgestimmt auf Berufstätige.",Berufstätige,Deutsch,vegan,mittel,3,5,15,20,421,35,41,15,nüsse,"eintopf, mealprep, ofen, pikant, saisonal, suppe, unter_30_min",4.1,Team Küche,"[""3 x Mais"", ""1 x Tomatenmark"", ""3 x Currypaste"", ""1 x Zitrone"", ""2 x Zwiebel"", ""2 x Tofu""]","[""Zutaten waschen, schälen und in gleichmäßige Stücke schneiden."", ""Öl in Pfanne oder Topf erhitzen, aromatische Zutaten zuerst anschwitzen."", ""Hauptzutaten zugeben und kräftig anrösten, regelmäßig umrühren."", ""Mit Brühe/Sojasauce/Tomatenmark ablöschen und köcheln lassen."", ""Mit Salz, Pfeffer, Kräutern abschmecken, Zitronensaft für Frische."", ""Optional im Ofen fertiggaren oder ziehen lassen bis gewünschte Konsistenz."", ""Anrichten, mit frischen Kräutern toppen und sofort servieren.""]",de,2025-11-11T10:02:00Z,71-schnelle-deutsch-pfanne-(vegan)
72,Herzhafter Italienisch-Eintopf (keto),"Schnelles Italienisch-Rezept, abgestimmt auf Sportler.",Sportler,Italienisch,keto,leicht,2,20,21,41,957,42,18,59,"gluten, laktose, sellerie","faserreich, high_protein, low_carb, ofen, saisonal, schnell",4.4,Chefkoch Lina,"[""1 x Kidneybohnen"", ""2 x Kokosmilch"", ""3 x Tofu"", ""3 x Spinat"", ""3 x Olivenöl""]","[""Zutaten waschen, schälen und in gleichmäßige Stücke schneiden."", ""Öl in Pfanne oder Topf erhitzen, aromatische Zutaten zuerst anschwitzen."", ""Hauptzutaten zugeben und kräftig anrösten, regelmäßig umrühren."", ""Mit Brühe/Sojasauce/Tomatenmark ablöschen und köcheln lassen."", ""Mit Salz, Pfeffer, Kräutern abschmecken, Zitronensaft für Frische."", ""Optional im Ofen fertiggaren oder ziehen lassen bis gewünschte Konsistenz."", ""Anrichten, mit frischen Kräutern toppen und sofort servieren.""]",de,2025-11-11T10:02:00Z,72-herzhafter-italienisch-eintopf-(keto)
73,Proteinreicher Asiatisch-Mix (glutenfrei),"Schnelles Asiatisch-Rezept, abgestimmt auf Familien.",Familien,Asiatisch,glutenfrei,leicht,3,14,9,23,546,26,46,20,"gluten, laktose","eintopf, familienfreundlich, faserreich, low_carb, nudeln, ofen, unter_30_min",4.7,Chefkoch Max,"[""3 x Kichererbsen"", ""2 x Gurke"", ""3 x Knoblauchzehe"", ""3 x Rapsöl"", ""1 x Olivenöl"", ""3 x Rinderhack"", ""1 x Tofu"", ""2 x Basilikum"", ""3 x Lachsfilet"", ""2 x Tomatenmark""]","[""Zutaten waschen, schälen und in gleichmäßige Stücke schneiden."", ""Öl in Pfanne oder Topf erhitzen, aromatische Zutaten zuerst anschwitzen."", ""Hauptzutaten zugeben und kräftig anrösten, regelmäßig umrühren."", ""Mit Brühe/Sojasauce/Tomatenmark ablöschen und köcheln lassen."", ""Mit Salz, Pfeffer, Kräutern abschmecken, Zitronensaft für Frische."", ""Optional im Ofen fertiggaren oder ziehen lassen bis gewünschte Konsistenz."", ""Anrichten, mit frischen Kräutern toppen und sofort servieren.""]",de,2025-11-11T10:02:00Z,73-proteinreicher-asiatisch-mix-(glutenfrei)
74,Meal‑Prep Amerikanisch (omnivor) für 3 Tage,"Schnelles Amerikanisch-Rezept, abgestimmt auf One-Pot.",One-Pot,Amerikanisch,omnivor,mittel,4,11,18,29,621,38,31,38,"gluten, soja","pikant, proteinreich, reis, saisonal, suppe, unter_30_min",4.2,Community,"[""3 x Currypaste"", ""3 x Kichererbsen"", ""1 x Lachsfilet"", ""2 x Rapsöl"", ""3 x Hähnchenbrust"", ""2 x Sojasauce"", ""2 x Brühe"", ""3 x Petersilie"", ""2 x Knoblauchzehe""]","[""Zutaten waschen, schälen und in gleichmäßige Stücke schneiden."", ""Öl in Pfanne oder Topf erhitzen, aromatische Zutaten zuerst anschwitzen."", ""Hauptzutaten zugeben und kräftig anrösten, regelmäßig umrühren."", ""Mit Brühe/Sojasauce/Tomatenmark ablöschen und köcheln lassen."", ""Mit Salz, Pfeffer, Kräutern abschmecken, Zitronensaft für Frische.""]",de,2025-11-11T10:02:00Z,74-meal‑prep-amerikanisch-(omnivor)-für-3-tage
75,Cremiges Italienisch-Curry (pescetarisch),"Schnelles Italienisch-Rezept, abgestimmt auf One-Pot.",One-Pot,Italienisch,pescetarisch,leicht,1,18,6,24,690,22,42,35,"fisch, laktose, sesam","familienfreundlich, faserreich, mild, nudeln, pikant, salat, unter_30_min",4.6,Chefkoch Lina,"[""3 x Koriander"", ""3 x Reis"", ""3 x Kokosmilch"", ""2 x Zucchini"", ""1 x Aubergine"", ""3 x Kichererbsen"", ""2 x Pasta"", ""1 x Zwiebel"", ""2 x Olivenöl"", ""1 x Basilikum"", ""2 x Lachsfilet""]","[""Zutaten waschen, schälen und in gleichmäßige Stücke schneiden."", ""Öl in Pfanne oder Topf erhitzen, aromatische Zutaten zuerst anschwitzen."", ""Hauptzutaten zugeben und kräftig anrösten, regelmäßig umrühren."", ""Mit Brühe/Sojasauce/Tomatenmark ablöschen und köcheln lassen."", ""Mit Salz, Pfeffer, Kräutern abschmecken, Zitronensaft für Frische."", ""Optional im Ofen fertiggaren oder ziehen lassen bis gewünschte Konsistenz."", ""Anrichten, mit frischen Kräutern toppen und sofort servieren.""]",de,2025-11-11T10:02:00Z,75-cremiges-italienisch-curry-(pescetarisch)
76,Ofenrezept: Mexikanische Blechvariante (vegan),"Schnelles Mexikanisch-Rezept, abgestimmt auf Senioren.",Senioren,Mexikanisch,vegan,leicht,3,9,23,32,508,33,66,20,"gluten, sellerie","low_carb, mealprep, suppe",4.2,Team Küche,"[""2 x Vollkornpasta"", ""3 x Kichererbsen"", ""3 x Currypaste"", ""1 x Brühe"", ""1 x Tomatenmark"", ""2 x Zitrone"", ""3 x Karotte"", ""2 x Tofu""]","[""Zutaten waschen, schälen und in gleichmäßige Stücke schneiden."", ""Öl in Pfanne oder Topf erhitzen, aromatische Zutaten zuerst anschwitzen."", ""Hauptzutaten zugeben und kräftig anrösten, regelmäßig umrühren."", ""Mit Brühe/Sojasauce/Tomatenmark ablöschen und köcheln lassen."", ""Mit Salz, Pfeffer, Kräutern abschmecken, Zitronensaft für Frische.""]",de,2025-11-11T10:02:00Z,76-ofenrezept:-mexikanische-blechvariante-(vegan)
77,Schnelle Italienisch-Pfanne (keto),"Schnelles Italienisch-Rezept, abgestimmt auf Sportler.",Sportler,Italienisch,keto,mittel,3,5,11,16,787,34,23,42,gluten,"high_protein, low_carb, ofen, proteinreich, salat, unter_30_min",4.2,Community,"[""1 x Zucchini"", ""2 x Olivenöl"", ""1 x Gurke"", ""3 x Kokosmilch"", ""3 x Rapsöl"", ""1 x Paprika"", ""1 x Tomatenmark""]","[""Zutaten waschen, schälen und in gleichmäßige Stücke schneiden."", ""Öl in Pfanne oder Topf erhitzen, aromatische Zutaten zuerst anschwitzen."", ""Hauptzutaten zugeben und kräftig anrösten, regelmäßig umrühren."", ""Mit Brühe/Sojasauce/Tomatenmark ablöschen und köcheln lassen."", ""Mit Salz, Pfeffer, Kräutern abschmecken, Zitronensaft für Frische."", ""Optional im Ofen fertiggaren oder ziehen lassen bis gewünschte Konsistenz.""]",de,2025-11-11T10:02:00Z,77-schnelle-italienisch-pfanne-(keto)
78,One‑Pot Deutsch Comfort Food (glutenfrei),"Schnelles Deutsch-Rezept, abgestimmt auf One-Pot.",One-Pot,Deutsch,glutenfrei,mittel,3,10,19,29,458,32,57,16,"sellerie, weichtiere","faserreich, low_carb, proteinreich, saisonal, unter_30_min",4.5,Chefkoch Max,"[""2 x Currypaste"", ""3 x Quinoa"", ""1 x Lachsfilet"", ""3 x Rinderhack"", ""2 x Basilikum"", ""1 x Koriander"", ""3 x Karotte"", ""3 x Petersilie"", ""3 x Reis""]","[""Zutaten waschen, schälen und in gleichmäßige Stücke schneiden."", ""Öl in Pfanne oder Topf erhitzen, aromatische Zutaten zuerst anschwitzen."", ""Hauptzutaten zugeben und kräftig anrösten, regelmäßig umrühren."", ""Mit Brühe/Sojasauce/Tomatenmark ablöschen und köcheln lassen."", ""Mit Salz, Pfeffer, Kräutern abschmecken, Zitronensaft für Frische.""]",de,2025-11-11T10:02:00Z,78-one‑pot-deutsch-comfort-food-(glutenfrei)
79,Herzhafter Orientalisch-Eintopf (pescetarisch),"Schnelles Orientalisch-Rezept, abgestimmt auf Sportler.",Sportler,Orientalisch,pescetarisch,leicht,4,6,30,36,638,40,40,30,gluten,"faserreich, high_protein, ofen, pfanne",4.0,Team Küche,"[""2 x Kokosmilch"", ""3 x Kidneybohnen"", ""2 x Petersilie"", ""3 x Basilikum"", ""3 x Olivenöl"", ""3 x Karotte"", ""2 x Zwiebel"", ""2 x Pasta"", ""3 x Tomatenmark"", ""2 x Currypaste"", ""1 x Lachsfilet""]","[""Zutaten waschen, schälen und in gleichmäßige Stücke schneiden."", ""Öl in Pfanne oder Topf erhitzen, aromatische Zutaten zuerst anschwitzen."", ""Hauptzutaten zugeben und kräftig anrösten, regelmäßig umrühren."", ""Mit Brühe/Sojasauce/Tomatenmark ablöschen und köcheln lassen."", ""Mit Salz, Pfeffer, Kräutern abschmecken, Zitronensaft für Frische."", ""Optional im Ofen fertiggaren oder ziehen lassen bis gewünschte Konsistenz.""]",de,2025-11-11T10:02:00Z,79-herzhafter-orientalisch-eintopf-(pescetarisch)
80,Herzhafter Asiatisch-Eintopf (glutenfrei),"Schnelles Asiatisch-Rezept, abgestimmt auf One-Pot.",One-Pot,Asiatisch,glutenfrei,leicht,1,7,14,21,425,18,40,26,erdnüsse,"pikant, salat, schnell, unter_30_min",4.6,Gastautor,"[""2 x Rinderhack"", ""2 x Brühe"", ""3 x Paprika"", ""3 x Tofu"", ""3 x Haferflocken"", ""2 x Kokosmilch"", ""1 x Koriander"", ""2 x Tomatenmark"", ""1 x Gurke"", ""3 x Basilikum"", ""2 x Reis""]","[""Zutaten waschen, schälen und in gleichmäßige Stücke schneiden."", ""Öl in Pfanne oder Topf erhitzen, aromatische Zutaten zuerst anschwitzen."", ""Hauptzutaten zugeben und kräftig anrösten, regelmäßig umrühren."", ""Mit Brühe/Sojasauce/Tomatenmark ablöschen und köcheln lassen."", ""Mit Salz, Pfeffer, Kräutern abschmecken, Zitronensaft für Frische."", ""Optional im Ofen fertiggaren oder ziehen lassen bis gewünschte Konsistenz."", ""Anrichten, mit frischen Kräutern toppen und sofort servieren.""]",de,2025-11-11T10:02:00Z,80-herzhafter-asiatisch-eintopf-(glutenfrei)
81,Indische Pasta in 15 Minuten (omnivor),"Schnelles Indisch-Rezept, abgestimmt auf Berufstätige.",Berufstätige,Indisch,omnivor,leicht,4,12,20,32,570,40,29,23,"fisch, gluten","eintopf, faserreich, high_protein, low_carb, mealprep, pfanne",3.9,Community,"[""2 x Zucchini"", ""1 x Koriander"", ""1 x Zwiebel"", ""1 x Knoblauchzehe"", ""3 x Currypaste"", ""3 x Brühe"", ""3 x Basilikum""]","[""Zutaten waschen, schälen und in gleichmäßige Stücke schneiden."", ""Öl in Pfanne oder Topf erhitzen, aromatische Zutaten zuerst anschwitzen."", ""Hauptzutaten zugeben und kräftig anrösten, regelmäßig umrühren."", ""Mit Brühe/Sojasauce/Tomatenmark ablöschen und köcheln lassen."", ""Mit Salz, Pfeffer, Kräutern abschmecken, Zitronensaft für Frische."", ""Optional im Ofen fertiggaren oder ziehen lassen bis gewünschte Konsistenz."", ""Anrichten, mit frischen Kräutern toppen und sofort servieren.""]",de,2025-11-11T10:02:00Z,81-indische-pasta-in-15-minuten-(omnivor)
82,Indischer Salat to go (vegetarisch),"Schnelles Indisch-Rezept, abgestimmt auf Budget.",Budget,Indisch,vegetarisch,leicht,3,18,28,46,504,14,55,18,gluten,"eintopf, familienfreundlich, pikant, reis, unter_30_min",4.6,Gastautor,"[""2 x Vollkornpasta"", ""2 x Quinoa"", ""3 x Gurke"", ""2 x Reis"", ""1 x Zucchini"", ""3 x Zwiebel"", ""3 x Kidneybohnen"", ""1 x Tofu""]","[""Zutaten waschen, schälen und in gleichmäßige Stücke schneiden."", ""Öl in Pfanne oder Topf erhitzen, aromatische Zutaten zuerst anschwitzen."", ""Hauptzutaten zugeben und kräftig anrösten, regelmäßig umrühren."", ""Mit Brühe/Sojasauce/Tomatenmark ablöschen und köcheln lassen."", ""Mit Salz, Pfeffer, Kräutern abschmecken, Zitronensaft für Frische."", ""Optional im Ofen fertiggaren oder ziehen lassen bis gewünschte Konsistenz.""]",de,2025-11-11T10:02:00Z,82-indischer-salat-to-go-(vegetarisch)
83,Orientalische Bowl für Familien (omnivor),"Schnelles Orientalisch-Rezept, abgestimmt auf Familien.",Familien,Orientalisch,omnivor,leicht,1,12,22,34,605,40,47,35,"eier, laktose, soja","familienfreundlich, pikant, reis",4.6,Community,"[""2 x Reis"", ""3 x Gurke"", ""1 x Karotte"", ""3 x Brühe"", ""1 x Rinderhack"", ""3 x Tomatenmark"", ""1 x Currypaste"", ""3 x Kartoffeln""]","[""Zutaten waschen, schälen und in gleichmäßige Stücke schneiden."", ""Öl in Pfanne oder Topf erhitzen, aromatische Zutaten zuerst anschwitzen."", ""Hauptzutaten zugeben und kräftig anrösten, regelmäßig umrühren."", ""Mit Brühe/Sojasauce/Tomatenmark ablöschen und köcheln lassen."", ""Mit Salz, Pfeffer, Kräutern abschmecken, Zitronensaft für Frische."", ""Optional im Ofen fertiggaren oder ziehen lassen bis gewünschte Konsistenz.""]",de,2025-11-11T10:02:00Z,83-orientalische-bowl-für-familien-(omnivor)
84,Deutsche Pasta in 15 Minuten (omnivor),"Schnelles Deutsch-Rezept, abgestimmt auf Budget.",Budget,Deutsch,omnivor,mittel,1,9,12,21,531,28,43,23,sellerie,"eintopf, familienfreundlich, faserreich, pikant, saisonal, unter_30_min",4.9,Gastautor,"[""2 x Hähnchenbrust"", ""2 x Kichererbsen"", ""2 x Tomatenmark"", ""2 x Zucchini"", ""1 x Koriander"", ""1 x Spinat"", ""1 x Paprika"", ""3 x Reis""]","[""Zutaten waschen, schälen und in gleichmäßige Stücke schneiden."", ""Öl in Pfanne oder Topf erhitzen, aromatische Zutaten zuerst anschwitzen."", ""Hauptzutaten zugeben und kräftig anrösten, regelmäßig umrühren."", ""Mit Brühe/Sojasauce/Tomatenmark ablöschen und köcheln lassen."", ""Mit Salz, Pfeffer, Kräutern abschmecken, Zitronensaft für Frische."", ""Optional im Ofen fertiggaren oder ziehen lassen bis gewünschte Konsistenz.""]",de,2025-11-11T10:02:00Z,84-deutsche-pasta-in-15-minuten-(omnivor)
85,Deutscher Salat to go (pescetarisch),"Schnelles Deutsch-Rezept, abgestimmt auf Senioren.",Senioren,Deutsch,pescetarisch,leicht,1,15,9,24,584,25,30,37,"gluten, laktose, soja","eintopf, pikant, suppe, unter_15_min, unter_30_min",4.2,Team Küche,"[""3 x Zwiebel"", ""3 x Paprika"", ""2 x Sojasauce"", ""1 x Olivenöl"", ""1 x Zitrone"", ""1 x Tomate"", ""1 x Lachsfilet""]","[""Zutaten waschen, schälen und in gleichmäßige Stücke schneiden."", ""Öl in Pfanne oder Topf erhitzen, aromatische Zutaten zuerst anschwitzen."", ""Hauptzutaten zugeben und kräftig anrösten, regelmäßig umrühren."", ""Mit Brühe/Sojasauce/Tomatenmark ablöschen und köcheln lassen."", ""Mit Salz, Pfeffer, Kräutern abschmecken, Zitronensaft für Frische."", ""Optional im Ofen fertiggaren oder ziehen lassen bis gewünschte Konsistenz.""]",de,2025-11-11T10:02:00Z,85-deutscher-salat-to-go-(pescetarisch)
86,Ofenrezept: Italienische Blechvariante (vegetarisch),"Schnelles Italienisch-Rezept, abgestimmt auf Meal-Prep.",Meal-Prep,Italienisch,vegetarisch,leicht,3,8,6,14,489,17,64,11,gluten,"familienfreundlich, mealprep, pfanne, saisonal, salat, suppe, unter_15_min",4.3,Chefkoch Max,"[""1 x Karotte"", ""3 x Aubergine"", ""3 x Pasta"", ""1 x Koriander"", ""2 x Spinat"", ""3 x Tomatenmark"", ""2 x Reis"", ""2 x Petersilie"", ""3 x Joghurt"", ""2 x Tofu""]","[""Zutaten waschen, schälen und in gleichmäßige Stücke schneiden."", ""Öl in Pfanne oder Topf erhitzen, aromatische Zutaten zuerst anschwitzen."", ""Hauptzutaten zugeben und kräftig anrösten, regelmäßig umrühren."", ""Mit Brühe/Sojasauce/Tomatenmark ablöschen und köcheln lassen."", ""Mit Salz, Pfeffer, Kräutern abschmecken, Zitronensaft für Frische."", ""Optional im Ofen fertiggaren oder ziehen lassen bis gewünschte Konsistenz."", ""Anrichten, mit frischen Kräutern toppen und sofort servieren.""]",de,2025-11-11T10:02:00Z,86-ofenrezept:-italienische-blechvariante-(vegetarisch)
87,Indische Pasta in 15 Minuten (glutenfrei),"Schnelles Indisch-Rezept, abgestimmt auf Anfänger.",Anfänger,Indisch,glutenfrei,mittel,2,13,10,23,424,31,36,20,"gluten, laktose","mealprep, pfanne, pikant, proteinreich, reis, unter_30_min",4.6,Chefkoch Max,"[""1 x Paprika"", ""3 x Zucchini"", ""3 x Olivenöl"", ""2 x Kidneybohnen"", ""3 x Brühe"", ""3 x Sojasauce"", ""1 x Currypaste"", ""3 x Gurke"", ""1 x Tomatenmark"", ""2 x Rinderhack"", ""3 x Reis""]","[""Zutaten waschen, schälen und in gleichmäßige Stücke schneiden."", ""Öl in Pfanne oder Topf erhitzen, aromatische Zutaten zuerst anschwitzen."", ""Hauptzutaten zugeben und kräftig anrösten, regelmäßig umrühren."", ""Mit Brühe/Sojasauce/Tomatenmark ablöschen und köcheln lassen."", ""Mit Salz, Pfeffer, Kräutern abschmecken, Zitronensaft für Frische.""]",de,2025-11-11T10:02:00Z,87-indische-pasta-in-15-minuten-(glutenfrei)
88,Amerikanische Bowl für Senioren (vegetarisch),"Schnelles Amerikanisch-Rezept, abgestimmt auf Senioren.",Senioren,Amerikanisch,vegetarisch,mittel,2,7,6,13,458,19,49,29,"laktose, nüsse, sesam","mealprep, ofen, saisonal, unter_15_min, unter_30_min",4.1,Gastautor,"[""1 x Zitrone"", ""3 x Kokosmilch"", ""2 x Tomate"", ""3 x Kidneybohnen"", ""2 x Joghurt"", ""3 x Haferflocken"", ""2 x Mais""]","[""Zutaten waschen, schälen und in gleichmäßige Stücke schneiden."", ""Öl in Pfanne oder Topf erhitzen, aromatische Zutaten zuerst anschwitzen."", ""Hauptzutaten zugeben und kräftig anrösten, regelmäßig umrühren."", ""Mit Brühe/Sojasauce/Tomatenmark ablöschen und köcheln lassen."", ""Mit Salz, Pfeffer, Kräutern abschmecken, Zitronensaft für Frische."", ""Optional im Ofen fertiggaren oder ziehen lassen bis gewünschte Konsistenz.""]",de,2025-11-11T10:02:00Z,88-amerikanische-bowl-für-senioren-(vegetarisch)
89,Indischer Salat to go (pescetarisch),"Schnelles Indisch-Rezept, abgestimmt auf Familien.",Familien,Indisch,pescetarisch,mittel,1,10,17,27,693,40,44,38,"eier, erdnüsse, gluten","familienfreundlich, mealprep, ofen, pikant, unter_30_min",4.5,Community,"[""2 x Tofu"", ""1 x Haferflocken"", ""2 x Tomate"", ""1 x Kidneybohnen"", ""1 x Kichererbsen"", ""3 x Gurke"", ""1 x Quinoa"", ""2 x Karotte"", ""2 x Joghurt"", ""1 x Lachsfilet""]","[""Zutaten waschen, schälen und in gleichmäßige Stücke schneiden."", ""Öl in Pfanne oder Topf erhitzen, aromatische Zutaten zuerst anschwitzen."", ""Hauptzutaten zugeben und kräftig anrösten, regelmäßig umrühren."", ""Mit Brühe/Sojasauce/Tomatenmark ablöschen und köcheln lassen."", ""Mit Salz, Pfeffer, Kräutern abschmecken, Zitronensaft für Frische.""]",de,2025-11-11T10:02:00Z,89-indischer-salat-to-go-(pescetarisch)
90,Proteinreicher Orientalisch-Mix (omnivor),"Schnelles Orientalisch-Rezept, abgestimmt auf Studierende.",Studierende,Orientalisch,omnivor,leicht,2,12,10,22,623,30,51,30,"erdnüsse, laktose","mealprep, saisonal, suppe, unter_30_min",4.8,Team Küche,"[""2 x Hähnchenbrust"", ""3 x Tomate"", ""3 x Haferflocken"", ""2 x Gurke"", ""3 x Tomatenmark"", ""1 x Mais"", ""2 x Petersilie"", ""3 x Kokosmilch"", ""1 x Karotte""]","[""Zutaten waschen, schälen und in gleichmäßige Stücke schneiden."", ""Öl in Pfanne oder Topf erhitzen, aromatische Zutaten zuerst anschwitzen."", ""Hauptzutaten zugeben und kräftig anrösten, regelmäßig umrühren."", ""Mit Brühe/Sojasauce/Tomatenmark ablöschen und köcheln lassen."", ""Mit Salz, Pfeffer, Kräutern abschmecken, Zitronensaft für Frische.""]",de,2025-11-11T10:02:00Z,90-proteinreicher-orientalisch-mix-(omnivor)
91,Asiatische Bowl für Low-Carb (keto),"Schnelles Asiatisch-Rezept, abgestimmt auf Low-Carb.",Low-Carb,Asiatisch,keto,mittel,3,8,15,23,693,33,14,46,weichtiere,"familienfreundlich, low_carb, pikant, proteinreich, schnell, unter_30_min",4.5,Gastautor,"[""1 x Paprika"", ""1 x Kokosmilch"", ""1 x Zwiebel"", ""1 x Spinat"", ""3 x Karotte"", ""2 x Tofu"", ""1 x Sojasauce"", ""2 x Haferflocken"", ""1 x Olivenöl""]","[""Zutaten waschen, schälen und in gleichmäßige Stücke schneiden."", ""Öl in Pfanne oder Topf erhitzen, aromatische Zutaten zuerst anschwitzen."", ""Hauptzutaten zugeben und kräftig anrösten, regelmäßig umrühren."", ""Mit Brühe/Sojasauce/Tomatenmark ablöschen und köcheln lassen."", ""Mit Salz, Pfeffer, Kräutern abschmecken, Zitronensaft für Frische.""]",de,2025-11-11T10:02:00Z,91-asiatische-bowl-für-low-carb-(keto)
92,Proteinreicher Amerikanisch-Mix (keto),"Schnelles Amerikanisch-Rezept, abgestimmt auf Senioren.",Senioren,Amerikanisch,keto,leicht,1,13,7,20,712,25,25,52,gluten,"high_protein, low_carb, mild, pikant, salat, suppe, unter_30_min",4.4,Chefkoch Lina,"[""3 x Hähnchenbrust"", ""2 x Gurke"", ""3 x Joghurt"", ""3 x Rapsöl"", ""2 x Spinat"", ""3 x Olivenöl""]","[""Zutaten waschen, schälen und in gleichmäßige Stücke schneiden."", ""Öl in Pfanne oder Topf erhitzen, aromatische Zutaten zuerst anschwitzen."", ""Hauptzutaten zugeben und kräftig anrösten, regelmäßig umrühren."", ""Mit Brühe/Sojasauce/Tomatenmark ablöschen und köcheln lassen."", ""Mit Salz, Pfeffer, Kräutern abschmecken, Zitronensaft für Frische."", ""Optional im Ofen fertiggaren oder ziehen lassen bis gewünschte Konsistenz."", ""Anrichten, mit frischen Kräutern toppen und sofort servieren.""]",de,2025-11-11T10:02:00Z,92-proteinreicher-amerikanisch-mix-(keto)
93,Schnelle Mexikanisch-Pfanne (keto),"Schnelles Mexikanisch-Rezept, abgestimmt auf Sportler.",Sportler,Mexikanisch,keto,leicht,3,17,27,44,894,48,9,56,"laktose, nüsse","familienfreundlich, high_protein, low_carb, mealprep, reis, saisonal, unter_15_min",4.4,Chefkoch Max,"[""2 x Tofu"", ""2 x Brühe"", ""3 x Kokosmilch"", ""2 x Rapsöl"", ""1 x Karotte"", ""3 x Currypaste"", ""3 x Olivenöl""]","[""Zutaten waschen, schälen und in gleichmäßige Stücke schneiden."", ""Öl in Pfanne oder Topf erhitzen, aromatische Zutaten zuerst anschwitzen."", ""Hauptzutaten zugeben und kräftig anrösten, regelmäßig umrühren."", ""Mit Brühe/Sojasauce/Tomatenmark ablöschen und köcheln lassen."", ""Mit Salz, Pfeffer, Kräutern abschmecken, Zitronensaft für Frische."", ""Optional im Ofen fertiggaren oder ziehen lassen bis gewünschte Konsistenz.""]",de,2025-11-11T10:02:00Z,93-schnelle-mexikanisch-pfanne-(keto)
94,Schnelle Orientalisch-Pfanne (glutenfrei),"Schnelles Orientalisch-Rezept, abgestimmt auf Low-Carb.",Low-Carb,Orientalisch,glutenfrei,mittel,2,18,9,27,617,30,44,28,,"high_protein, proteinreich, schnell, unter_30_min",4.5,Chefkoch Lina,"[""1 x Kartoffeln"", ""2 x Olivenöl"", ""2 x Basilikum"", ""3 x Aubergine"", ""1 x Knoblauchzehe"", ""1 x Gurke"", ""3 x Lachsfilet"", ""2 x Mais"", ""2 x Reis""]","[""Zutaten waschen, schälen und in gleichmäßige Stücke schneiden."", ""Öl in Pfanne oder Topf erhitzen, aromatische Zutaten zuerst anschwitzen."", ""Hauptzutaten zugeben und kräftig anrösten, regelmäßig umrühren."", ""Mit Brühe/Sojasauce/Tomatenmark ablöschen und köcheln lassen."", ""Mit Salz, Pfeffer, Kräutern abschmecken, Zitronensaft für Frische.""]",de,2025-11-11T10:02:00Z,94-schnelle-orientalisch-pfanne-(glutenfrei)
95,Herzhafter Indisch-Eintopf (omnivor),"Schnelles Indisch-Rezept, abgestimmt auf Anfänger.",Anfänger,Indisch,omnivor,leicht,3,14,13,27,678,39,56,37,"laktose, sellerie","familienfreundlich, mild, pikant, saisonal, salat, unter_30_min",3.9,Chefkoch Max,"[""3 x Zitrone"", ""1 x Kokosmilch"", ""1 x Paprika"", ""1 x Kartoffeln"", ""1 x Rapsöl"", ""1 x Gurke"", ""1 x Karotte"", ""1 x Tofu"", ""2 x Joghurt"", ""1 x Petersilie""]","[""Zutaten waschen, schälen und in gleichmäßige Stücke schneiden."", ""Öl in Pfanne oder Topf erhitzen, aromatische Zutaten zuerst anschwitzen."", ""Hauptzutaten zugeben und kräftig anrösten, regelmäßig umrühren."", ""Mit Brühe/Sojasauce/Tomatenmark ablöschen und köcheln lassen."", ""Mit Salz, Pfeffer, Kräutern abschmecken, Zitronensaft für Frische."", ""Optional im Ofen fertiggaren oder ziehen lassen bis gewünschte Konsistenz.""]",de,2025-11-11T10:02:00Z,95-herzhafter-indisch-eintopf-(omnivor)
96,Herzhafter Mediterran-Eintopf (pescetarisch),"Schnelles Mediterran-Rezept, abgestimmt auf Anfänger.",Anfänger,Mediterran,pescetarisch,mittel,1,16,19,35,594,38,57,27,"erdnüsse, laktose","mealprep, nudeln, pfanne, reis, saisonal, salat",4.0,Gastautor,"[""2 x Knoblauchzehe"", ""3 x Olivenöl"", ""2 x Paprika"", ""3 x Gurke"", ""1 x Currypaste"", ""3 x Pasta"", ""1 x Koriander"", ""2 x Lachsfilet""]","[""Zutaten waschen, schälen und in gleichmäßige Stücke schneiden."", ""Öl in Pfanne oder Topf erhitzen, aromatische Zutaten zuerst anschwitzen."", ""Hauptzutaten zugeben und kräftig anrösten, regelmäßig umrühren."", ""Mit Brühe/Sojasauce/Tomatenmark ablöschen und köcheln lassen."", ""Mit Salz, Pfeffer, Kräutern abschmecken, Zitronensaft für Frische.""]",de,2025-11-11T10:02:00Z,96-herzhafter-mediterran-eintopf-(pescetarisch)
97,One‑Pot Asiatisch Comfort Food (pescetarisch),"Schnelles Asiatisch-Rezept, abgestimmt auf Familien.",Familien,Asiatisch,pescetarisch,leicht,4,5,12,17,682,27,41,34,"gluten, sellerie","eintopf, familienfreundlich, reis, schnell, suppe, unter_30_min",4.1,Community,"[""1 x Pasta"", ""1 x Vollkornpasta"", ""3 x Aubergine"", ""1 x Karotte"", ""1 x Kichererbsen"", ""3 x Lachsfilet"", ""2 x Quinoa"", ""3 x Tomatenmark""]","[""Zutaten waschen, schälen und in gleichmäßige Stücke schneiden."", ""Öl in Pfanne oder Topf erhitzen, aromatische Zutaten zuerst anschwitzen."", ""Hauptzutaten zugeben und kräftig anrösten, regelmäßig umrühren."", ""Mit Brühe/Sojasauce/Tomatenmark ablöschen und köcheln lassen."", ""Mit Salz, Pfeffer, Kräutern abschmecken, Zitronensaft für Frische."", ""Optional im Ofen fertiggaren oder ziehen lassen bis gewünschte Konsistenz.""]",de,2025-11-11T10:02:00Z,97-one‑pot-asiatisch-comfort-food-(pescetarisch)
98,Asiatische Bowl für Anfänger (pescetarisch),"Schnelles Asiatisch-Rezept, abgestimmt auf Anfänger.",Anfänger,Asiatisch,pescetarisch,mittel,4,20,14,34,575,30,41,28,"fisch, sesam","low_carb, nudeln, pfanne, schnell",4.6,Gastautor,"[""3 x Pasta"", ""2 x Petersilie"", ""3 x Tomate"", ""1 x Kokosmilch"", ""1 x Lachsfilet"", ""2 x Brühe"", ""1 x Rapsöl""]","[""Zutaten waschen, schälen und in gleichmäßige Stücke schneiden."", ""Öl in Pfanne oder Topf erhitzen, aromatische Zutaten zuerst anschwitzen."", ""Hauptzutaten zugeben und kräftig anrösten, regelmäßig umrühren."", ""Mit Brühe/Sojasauce/Tomatenmark ablöschen und köcheln lassen."", ""Mit Salz, Pfeffer, Kräutern abschmecken, Zitronensaft für Frische.""]",de,2025-11-11T10:02:00Z,98-asiatische-bowl-für-anfänger-(pescetarisch)
99,Ofenrezept: Indische Blechvariante (keto),"Schnelles Indisch-Rezept, abgestimmt auf Senioren.",Senioren,Indisch,keto,leicht,2,13,23,36,716,23,17,54,"erdnüsse, gluten, laktose","eintopf, familienfreundlich, faserreich, low_carb, mild, proteinreich, reis",4.0,Team Küche,"[""2 x Haferflocken"", ""2 x Sojasauce"", ""3 x Tomatenmark"", ""1 x Zucchini"", ""2 x Tomate"", ""3 x Kichererbsen"", ""1 x Olivenöl""]","[""Zutaten waschen, schälen und in gleichmäßige Stücke schneiden."", ""Öl in Pfanne oder Topf erhitzen, aromatische Zutaten zuerst anschwitzen."", ""Hauptzutaten zugeben und kräftig anrösten, regelmäßig umrühren."", ""Mit Brühe/Sojasauce/Tomatenmark ablöschen und köcheln lassen."", ""Mit Salz, Pfeffer, Kräutern abschmecken, Zitronensaft für Frische.""]",de,2025-11-11T10:02:00Z,99-ofenrezept:-indische-blechvariante-(keto)
100,Mexikanischer Salat to go (keto),"Schnelles Mexikanisch-Rezept, abgestimmt auf Studierende.",Studierende,Mexikanisch,keto,mittel,1,10,20,30,699,45,13,55,"eier, gluten","eintopf, low_carb, mild, nudeln, proteinreich, unter_15_min, unter_30_min",4.8,Community,"[""1 x Zitrone"", ""1 x Knoblauchzehe"", ""2 x Haferflocken"", ""3 x Zwiebel"", ""3 x Kokosmilch"", ""2 x Rinderhack"", ""1 x Sojasauce"", ""1 x Olivenöl""]","[""Zutaten waschen, schälen und in gleichmäßige Stücke schneiden."", ""Öl in Pfanne oder Topf erhitzen, aromatische Zutaten zuerst anschwitzen."", ""Hauptzutaten zugeben und kräftig anrösten, regelmäßig umrühren."", ""Mit Brühe/Sojasauce/Tomatenmark ablöschen und köcheln lassen."", ""Mit Salz, Pfeffer, Kräutern abschmecken, Zitronensaft für Frische.""]",de,2025-11-11T10:02:00Z,100-mexikanischer-salat-to-go-(keto)
